page,section,word,ipa,ipa_norm,gloss,flag_bai,flag_wen,flag_uncertain,flag_kong,notes,raw
19,ɿ 韵,支,tʂʅ³¹³,tʂʅ313,借故把碍事的人打发走：把他～一边去好讲话,0,0,0,0,,支　tʂʅ³¹³　借故把碍事的人打发走：把他～一边去好讲话
19,ɿ 韵,支僵,tʂʅ³¹³ tɕiɑŋ³¹³,tʂʅ313 tɕiɑŋ313,僵硬,0,0,0,0,,支僵　tʂʅ³¹³ tɕiɑŋ³¹³　僵硬
19,ɿ 韵,吱声,tʂʅ³⁵ ʂəŋ,tʂʅ35 ʂəŋ,出声、讲话：莫～，外边来人了,0,0,0,0,,吱声　tʂʅ³⁵ ʂəŋ　出声、讲话：莫～，外边来人了
19,ɿ 韵,子舅,tʂʅ⁴¹ tɕiəu⁵⁵,tʂʅ41 tɕiəu55,子女的舅舅,0,0,0,0,,子舅　tʂʅ⁴¹ tɕiəu⁵⁵　子女的舅舅
19,ɿ 韵,仔细鬼,tʂʅ⁴¹ ɕi⁵⁵ kuei⁴¹,tʂʅ41 ɕi55 kuei41,①吝啬的人②形容心细的人,0,0,0,0,,仔细鬼　tʂʅ⁴¹ ɕi⁵⁵ kuei⁴¹　①吝啬的人②形容心细的人
19,ɿ 韵,志,tʂʅ⁵⁵,tʂʅ55,①量：用竹杆子～～河有多深　②复秤：管～秤，少一钱罚一斤,0,0,0,0,,志　tʂʅ⁵⁵　①量：用竹杆子～～河有多深　②复秤：管～秤，少一钱罚一斤
19,ɿ 韵,志号,tʂʅ⁵⁵ xɔ⁵⁵,tʂʅ55 xɔ55,记号：划道线留个～,0,0,0,0,,志号　tʂʅ⁵⁵ xɔ⁵⁵　记号：划道线留个～
19,ɿ 韵,恣,tʂʅ⁵⁵,tʂʅ55,舒服：透～,0,0,0,0,,恣　tʂʅ⁵⁵　舒服：透～
19,ɿ 韵,吡,tʂʻɿ³¹³,tʂʻɿ313,讽刺、挖苦：说话～人,0,0,0,0,,吡　tʂʻɿ³¹³　讽刺、挖苦：说话～人
19,ɿ 韵,迲,tʂʻɿ³¹³,tʂʻɿ313,"跑：上了路直～｜吓～了　〔与字汇页9""迲跑:吓～了""互证，迲=跑义已释〕",0,0,0,0,〔已核〕,"迲〔已核〕　tʂʻɿ³¹³　跑：上了路直～｜吓～了　〔与字汇页9""迲跑:吓～了""互证，迲=跑义已释〕"
19,ɿ 韵,沘,tʂʻɿ³¹³,tʂʻɿ313,喷射：路边水管破了，直～,0,0,0,0,,沘　tʂʻɿ³¹³　喷射：路边水管破了，直～
19,ɿ 韵,痴头寡脑,tʂʻɿ³¹³ təu³⁵ kua⁴¹ lɔ⁴¹,tʂʻɿ313 təu35 kua41 lɔ41,,0,0,0,0,,痴头寡脑　tʂʻɿ³¹³ təu³⁵ kua⁴¹ lɔ⁴¹
19,ɿ 韵,痴不愣嘲,tʂʻɿ³¹³ pə¹³ laŋ⁵⁵,tʂʻɿ313 pə13 laŋ55,"tʂɔ³⁵〔末字左旁印近""目""（目+朝形）；按音 tʂɔ³⁵ 与词义归""嘲""，原书如此〕",0,0,0,0,,"痴不愣嘲　tʂʻɿ³¹³ pə¹³ laŋ⁵⁵ tʂɔ³⁵〔末字左旁印近""目""（目+朝形）；按音 tʂɔ³⁵ 与词义归""嘲""，原书如此〕"
19,ɿ 韵,痴不愣登,tʂʻɿ³¹³ pə¹³ laŋ⁵⁵ təŋ³¹³,tʂʻɿ313 pə13 laŋ55 təŋ313,,0,0,0,0,,痴不愣登　tʂʻɿ³¹³ pə¹³ laŋ⁵⁵ təŋ³¹³
19,ɿ 韵,疵毛,tʂʻɿ³¹³ mɔ³⁵,tʂʻɿ313 mɔ35,低劣、差：这东西～,0,0,0,0,,疵毛　tʂʻɿ³¹³ mɔ³⁵　低劣、差：这东西～
19,ɿ 韵,□□,tʂʻɿ³¹³ tʂʻɿ³¹³,tʂʻɿ313 tʂʻɿ313,形容快：小树～长大了,0,0,0,1,,□□　tʂʻɿ³¹³ tʂʻɿ³¹³　形容快：小树～长大了
19,ɿ 韵,跐,tʂʻɿ⁴¹,tʂʻɿ41,滑：路不好走，一下～倒了,0,0,0,0,,跐　tʂʻɿ⁴¹　滑：路不好走，一下～倒了
19,ɿ 韵,翅拐子,tʂʻɿ⁵⁵ kuɛ⁴¹ tʂʅ,tʂʻɿ55 kuɛ41 tʂʅ,翅膀〔末字轻声不标调〕,0,0,0,0,,翅拐子　tʂʻɿ⁵⁵ kuɛ⁴¹ tʂʅ　翅膀〔末字轻声不标调〕
19,ɿ 韵,□物,ʂɿ³¹³,ʂɿ313,u　修理：～车子,0,0,0,1,,□物　ʂɿ³¹³ u　修理：～车子
19,ɿ 韵,时气,ʂɿ³⁵ tɕʻi,ʂɿ35 tɕʻi,运气：这月～不好，老是掉钱,0,0,0,0,,时气　ʂɿ³⁵ tɕʻi　运气：这月～不好，老是掉钱
19,ɿ 韵,死,ʂɿ⁴¹,ʂɿ41,①非常：～沉的，抬不动｜～犟　②在：你～哪块去了，找不到,0,0,0,0,,死　ʂɿ⁴¹　①非常：～沉的，抬不动｜～犟　②在：你～哪块去了，找不到
19,ɿ 韵,死眼皮,ʂɿ⁴¹ iæ̃⁴¹ pʻi³⁵,ʂɿ41 iæ̃41 pʻi35,不机灵，固执,0,0,0,0,,死眼皮　ʂɿ⁴¹ iæ̃⁴¹ pʻi³⁵　不机灵，固执
19,ɿ 韵,死瘟贼,ʂɿ⁴¹ əŋ³¹³,ʂɿ41 əŋ313,tɕei³⁵〔原书 IPA 作 əŋ;疑原书笔误〕　沉默寡言的人,0,0,0,0,,死瘟贼　ʂɿ⁴¹ əŋ³¹³ tɕei³⁵〔原书 IPA 作 əŋ;疑原书笔误〕　沉默寡言的人
19,ɿ 韵,使,ʂɿ⁴¹,ʂɿ41,①用：～啥写的②累：干活不多～要命,0,0,0,0,,使　ʂɿ⁴¹　①用：～啥写的②累：干活不多～要命
19,ɿ 韵,四季莓,ʂɿ⁵⁵ tɕi⁵⁵ mei³⁵,ʂɿ55 tɕi55 mei35,芸豆,0,0,0,0,,四季莓　ʂɿ⁵⁵ tɕi⁵⁵ mei³⁵　芸豆
19,ɿ 韵,四称,ʂɿ⁵⁵ tʂʻəŋ⁵⁵,ʂɿ55 tʂʻəŋ55,配合得当：这衣裳穿着～,0,0,0,0,,四称　ʂɿ⁵⁵ tʂʻəŋ⁵⁵　配合得当：这衣裳穿着～
19,ɿ 韵,痴痴霉霉,tʂʻɿ³¹³ tʂʻɿ³¹³ mei³⁵ mei³⁵,tʂʻɿ313 tʂʻɿ313 mei35 mei35,呆头呆脑，发愣的样子,0,0,0,0,,痴痴霉霉　tʂʻɿ³¹³ tʂʻɿ³¹³ mei³⁵ mei³⁵　呆头呆脑，发愣的样子
20,ɿ 韵（收尾）,试花,ʂɿ⁵⁵ xuɑ³¹³,ʂɿ55 xuɑ313,果树头一回开花,0,0,0,0,,试花　ʂɿ⁵⁵ xuɑ³¹³　果树头一回开花
20,ɿ 韵（收尾）,试脉,ʂɿ⁵⁵ mə¹³,ʂɿ55 mə13,切脉,0,0,0,0,,试脉　ʂɿ⁵⁵ mə¹³　切脉
20,ɿ 韵（收尾）,是,ʂɿ⁵⁵,ʂɿ55,凡是：～亲三分向,0,0,0,0,,是　ʂɿ⁵⁵　凡是：～亲三分向
20,i 韵,鼻子,pi³⁵ tʂʅ,pi35 tʂʅ,①五官之一②鼻涕,0,0,0,0,,鼻子　pi³⁵ tʂʅ　①五官之一②鼻涕
20,i 韵,鼻眼子,pi³⁵ iæ̃⁴¹ tʂʅ,pi35 iæ̃41 tʂʅ,鼻孔,0,0,0,0,,鼻眼子　pi³⁵ iæ̃⁴¹ tʂʅ　鼻孔
20,i 韵,鼻眵,pi³⁵ tʂʻɿ³¹³,pi35 tʂʻɿ313,鼻垢,0,0,0,0,"〔双审定案：第二字目+多=眵，原记""目青""订正〕","鼻眵〔双审定案：第二字目+多=眵，原记""目青""订正〕　pi³⁵ tʂʻɿ³¹³　鼻垢"
20,i 韵,避静,pi⁵⁵ tɕiŋ,pi55 tɕiŋ,安静，没外来干扰：这段～,0,0,0,0,,避静　pi⁵⁵ tɕiŋ　安静，没外来干扰：这段～
20,i 韵,皅,pʻi³¹³,pʻi313,裂开：竹杆～了,0,0,0,0,〔双审定案：白+皮〕,皅〔双审定案：白+皮〕　pʻi³¹³　裂开：竹杆～了
20,i 韵,皮,pʻi³⁵,pʻi35,调皮，乱玩一气,0,0,0,0,,皮　pʻi³⁵　调皮，乱玩一气
20,i 韵,皮麻,pʻi³⁵ mɑ³⁵,pʻi35 mɑ35,,0,0,0,0,,皮麻　pʻi³⁵ mɑ³⁵
20,i 韵,皮衩子,pʻi³⁵ tʂʻɑ⁵⁵ tʂʅ,pʻi35 tʂʻɑ55 tʂʅ,下水摸鱼时穿的皮衣,0,0,0,0,,皮衩子　pʻi³⁵ tʂʻɑ⁵⁵ tʂʅ　下水摸鱼时穿的皮衣
20,i 韵,皮挂挂,pʻi³⁵ kuɑ³¹³ kuɑ³¹³,pʻi35 kuɑ313 kuɑ313,因瘦皮肤松垂发绉的样子,0,0,0,0,,皮挂挂　pʻi³⁵ kuɑ³¹³ kuɑ³¹³　因瘦皮肤松垂发绉的样子
20,i 韵,皮子,pʻi³⁵ tʂʅ,pʻi35 tʂʅ,皮肤,0,0,0,0,,皮子　pʻi³⁵ tʂʅ　皮肤
20,i 韵,擗,pʻi⁴¹,pʻi41,折：～树枝｜～秸头,0,0,0,0,,擗　pʻi⁴¹　折：～树枝｜～秸头
20,i 韵,屁头子,pʻi⁵⁵ tʻəu³⁵ tʂʅ,pʻi55 tʻəu35 tʂʅ,腚,0,0,0,0,,屁头子　pʻi⁵⁵ tʻəu³⁵ tʂʅ　腚
20,i 韵,屁盘子,pʻi⁵⁵ pʻõ³⁵ tʂʅ,pʻi55 pʻõ35 tʂʅ,,0,0,0,0,,屁盘子　pʻi⁵⁵ pʻõ³⁵ tʂʅ
20,i 韵,屁精子,pʻi⁵⁵ tɕiŋ³¹³ tʂʅ,pʻi55 tɕiŋ313 tʂʅ,①不正派的人②长得女人相的男人,0,0,0,0,,屁精子　pʻi⁵⁵ tɕiŋ³¹³ tʂʅ　①不正派的人②长得女人相的男人
20,i 韵,眯,mi³¹³,mi313,略睡一会：躺在这里～一下,0,0,0,0,,眯　mi³¹³　略睡一会：躺在这里～一下
20,i 韵,咪猫,mi³⁵ mɔ³⁵,mi35 mɔ35,母猫,0,0,0,0,,咪猫　mi³⁵ mɔ³⁵　母猫
20,i 韵,迷膛,mi³¹³ tʻɑŋ,mi313 tʻɑŋ,迷糊、神志不清：吓～了,0,0,0,0,,迷膛　mi³¹³ tʻɑŋ　迷糊、神志不清：吓～了
20,i 韵,迷迷瞪瞪,mi³⁵ mi³⁵ tɑŋ³¹³ tɑŋ³¹³,mi35 mi35 tɑŋ313 tɑŋ313,没睡好，神志不清的神态,0,0,0,0,,迷迷瞪瞪　mi³⁵ mi³⁵ tɑŋ³¹³ tɑŋ³¹³　没睡好，神志不清的神态
20,i 韵,米面子,mi⁴¹ miɛ̃⁵⁵ tʂʅ,mi41 miɛ̃55 tʂʅ,大米粉,0,0,0,0,,米面子　mi⁴¹ miɛ̃⁵⁵ tʂʅ　大米粉
20,i 韵,眯,mi⁵⁵,mi55,困乏、想睡觉：上～了,0,0,0,0,,眯　mi⁵⁵　困乏、想睡觉：上～了
20,i 韵,跌,ti³¹³,ti313,①缓慢地、用力一根根地拔：～蒜苔｜～头发②在众人中单独把一人喊出来：把他～出来谈谈，看怎想不通的,0,0,0,0,,跌　ti³¹³　①缓慢地、用力一根根地拔：～蒜苔｜～头发②在众人中单独把一人喊出来：把他～出来谈谈，看怎想不通的
20,i 韵,地瓜花,ti⁵⁵ kuɑ³¹³ xuɑ³¹³,ti55 kuɑ313 xuɑ313,大丽花,0,0,0,0,,地瓜花　ti⁵⁵ kuɑ³¹³ xuɑ³¹³　大丽花
20,i 韵,地蛋,ti⁵⁵ tæ̃⁵⁵,ti55 tæ̃55,土豆,0,0,0,0,,地蛋　ti⁵⁵ tæ̃⁵⁵　土豆
20,i 韵,剔,tʻi³¹³,tʻi313,特别：～直｜～溜圆,0,0,0,0,,剔　tʻi³¹³　特别：～直｜～溜圆
20,i 韵,踢腾,tʻi³¹³ tʻəŋ,tʻi313 tʻəŋ,败坏：把钢笔～坏了,0,0,0,0,,踢腾　tʻi³¹³ tʻəŋ　败坏：把钢笔～坏了
20,i 韵,提媒,tʻi³⁵ mei³⁵,tʻi35 mei35,提亲,0,0,0,0,,提媒　tʻi³⁵ mei³⁵　提亲
20,i 韵,哩哪,li³¹³ laŋ³¹³,li313 laŋ313,边讲边骂，或发出别人听不清楚的埋怨的话〔与字汇页9哩～哪互证〕,0,0,0,0,〔双审定案：哪字形确认〕,哩哪〔双审定案：哪字形确认〕　li³¹³ laŋ³¹³　边讲边骂，或发出别人听不清楚的埋怨的话〔与字汇页9哩～哪互证〕
20,i 韵,理乎,li⁴¹,li41,xu　理采〔原文如此=理睬〕,0,0,0,0,,理乎　li⁴¹ xu　理采〔原文如此=理睬〕
20,i 韵,理菜,li⁴¹ tʂʻɛ⁵⁵,li41 tʂʻɛ55,择菜,0,0,0,0,,理菜　li⁴¹ tʂʻɛ⁵⁵　择菜
20,i 韵,理手划风,li⁴¹ ʂəu⁴¹ xuɑ⁵⁵ fɑŋ³¹³,li41 ʂəu41 xuɑ55 fɑŋ313,说话时乱做手势的样儿,0,0,0,0,,理手划风　li⁴¹ ʂəu⁴¹ xuɑ⁵⁵ fɑŋ³¹³　说话时乱做手势的样儿
20,i 韵,里挤外拐,li⁴¹ tɕi⁴¹ uɛ⁵⁵ kuɛ⁴¹,li41 tɕi41 uɛ55 kuɛ41,不整齐：牙～,0,0,0,0,,里挤外拐　li⁴¹ tɕi⁴¹ uɛ⁵⁵ kuɛ⁴¹　不整齐：牙～
20,i 韵,利当,li⁵⁵ tɑŋ,li55 tɑŋ,利索,0,0,0,0,,利当　li⁵⁵ tɑŋ　利索
20,i 韵,利亮,li⁵⁵,li55,tɑŋ〔双审10x：原书 IPA 与利当全同作 tɑŋ，无 i 介音标记；亮本音 liaŋ，照录原书〕　干净、清爽,0,0,0,0,,利亮　li⁵⁵ tɑŋ〔双审10x：原书 IPA 与利当全同作 tɑŋ，无 i 介音标记；亮本音 liaŋ，照录原书〕　干净、清爽
20,i 韵,叽哇,tɕi³¹³ uɑ³¹³,tɕi313 uɑ313,争吵，令人心烦的吵嚷,0,0,0,0,,叽哇　tɕi³¹³ uɑ³¹³　争吵，令人心烦的吵嚷
20,i 韵,叽吭,tɕi³¹³ kɑŋ³¹³,tɕi313 kɑŋ313,"顶嘴：鱼烂腥的提车上，问一声还～的〔双审补录：原转录漏续行""上，问一声还～的""，断句〔已核〕消除〕",0,0,0,0,,"叽吭　tɕi³¹³ kɑŋ³¹³　顶嘴：鱼烂腥的提车上，问一声还～的〔双审补录：原转录漏续行""上，问一声还～的""，断句〔已核〕消除〕"
20,i 韵,曝形字,tɕʻi³¹³,tɕʻi313,渗湿：衣服叫汗～透了,0,0,0,0,〔双审：字形确为日+暴，与 tɕʻi 音系不合，原书如此（与页19同音字汇 tɕʻiʔ⑤ 同形）〕,曝形字〔双审：字形确为日+暴，与 tɕʻi 音系不合，原书如此（与页19同音字汇 tɕʻiʔ⑤ 同形）〕　tɕʻi³¹³　渗湿：衣服叫汗～透了
20,i 韵,曝形字索,tɕʻi³¹³ ʂɔ⁴¹,tɕʻi313 ʂɔ41,不干不湿的程度：路上～的,0,0,0,0,,曝形字索　tɕʻi³¹³ ʂɔ⁴¹　不干不湿的程度：路上～的
20,i 韵,齐眉箍,tɕʻi³⁵ mei³⁵ ku³¹³,tɕʻi35 mei35 ku313,刘海,0,0,0,0,,齐眉箍　tɕʻi³⁵ mei³⁵ ku³¹³　刘海
20,i 韵,齐斩,tɕʻi³⁵ tʂæ̃⁴¹,tɕʻi35 tʂæ̃41,整齐：把布剪～的,0,0,0,0,,齐斩　tɕʻi³⁵ tʂæ̃⁴¹　整齐：把布剪～的
20,i 韵,起,tɕʻi⁴¹,tɕʻi41,生：～香｜～味,0,0,0,0,,起　tɕʻi⁴¹　生：～香｜～味
20,i 韵,起骒,tɕʻi⁴¹ kʻɔ⁵⁵,tɕʻi41 kʻɔ55,马发情,0,0,0,0,,起骒　tɕʻi⁴¹ kʻɔ⁵⁵　马发情
20,i 韵,起窝,tɕʻi⁴¹ ɔ³¹³,tɕʻi41 ɔ313,猫、狗发情,0,0,0,0,,起窝　tɕʻi⁴¹ ɔ³¹³　猫、狗发情
20,i 韵,起槽,tɕʻi⁴¹ tʂʻɔ³⁵,tɕʻi41 tʂʻɔ35,驴发情,0,0,0,0,,起槽　tɕʻi⁴¹ tʂʻɔ³⁵　驴发情
20,i 韵,起栏,tɕʻi⁴¹ læ̃³⁵,tɕʻi41 læ̃35,牛羊发情,0,0,0,0,,起栏　tɕʻi⁴¹ læ̃³⁵　牛羊发情
20,i 韵,起圈,tɕʻi⁴¹ tɕyõ⁵⁵,tɕʻi41 tɕyõ55,猪发情,0,0,0,0,,起圈　tɕʻi⁴¹ tɕyõ⁵⁵　猪发情
20,i 韵,汽露水,tɕʻi⁴¹ lu⁵⁵ ʂuei⁴¹,tɕʻi41 lu55 ʂuei41,蒸气冷凝而成的水滴,0,0,0,0,,汽露水　tɕʻi⁴¹ lu⁵⁵ ʂuei⁴¹　蒸气冷凝而成的水滴
20,i 韵,气,tɕʻi⁵⁵,tɕʻi55,表示指引语气：去吃～，锅里〔转下〕,0,0,0,0,,气　tɕʻi⁵⁵　表示指引语气：去吃～，锅里〔转下〕
20,i 韵,气嗓头,tɕʻi⁵⁵ ʂɑŋ⁴¹ tʻəu³⁵,tɕʻi55 ʂɑŋ41 tʻəu35,喉部,0,0,0,0,,气嗓头　tɕʻi⁵⁵ ʂɑŋ⁴¹ tʻəu³⁵　喉部
20,i 韵,气门嘴子,tɕʻi⁵⁵ məŋ³⁵ tɕei⁴¹ tʂʅ,tɕʻi55 məŋ35 tɕei41 tʂʅ,气门芯,0,0,0,0,,气门嘴子　tɕʻi⁵⁵ məŋ³⁵ tɕei⁴¹ tʂʅ　气门芯
20,i 韵,稀,ɕi³¹³,ɕi313,很、非常，用在形容词之前：～累｜～酸｜～困｜～热｜～瘦｜～干｜～潮｜～湿｜～脏｜～软｜～松｜～溜薄,0,0,0,0,,稀　ɕi³¹³　很、非常，用在形容词之前：～累｜～酸｜～困｜～热｜～瘦｜～干｜～潮｜～湿｜～脏｜～软｜～松｜～溜薄
20,i 韵,兮兮,ɕi³¹³ ɕi³¹³,ɕi313 ɕi313,后缀，表示程度深：粘～,0,0,0,0,,兮兮　ɕi³¹³ ɕi³¹³　后缀，表示程度深：粘～
21,i 韵（收尾）,西瓜萝卜,ɕi³¹³ kuɑ³¹³ lɔ³⁵ pə,ɕi313 kuɑ313 lɔ35 pə,甜而脆的红心萝卜,0,0,0,0,,西瓜萝卜　ɕi³¹³ kuɑ³¹³ lɔ³⁵ pə　甜而脆的红心萝卜
21,i 韵（收尾）,喜材,ɕi⁴¹ tʂʻɛ³⁵,ɕi41 tʂʻɛ35,老人在世时做好的棺材,0,0,0,0,,喜材　ɕi⁴¹ tʂʻɛ³⁵　老人在世时做好的棺材
21,i 韵（收尾）,细,ɕi⁵⁵,ɕi55,小气、吝啬,0,0,0,0,,细　ɕi⁵⁵　小气、吝啬
21,i 韵（收尾）,疑乎,i³⁵,i35,xu　①疑惑②犹豫,0,0,0,0,,疑乎　i³⁵ xu　①疑惑②犹豫
21,i 韵（收尾）,姨侄,i³⁵ tʂə¹³,i35 tʂə13,"妻子的姐妹生的儿女：～婚〔双审：续行仅""婚""一字，原书无""婿""，〔已核〕消除〕",0,0,0,0,,"姨侄　i³⁵ tʂə¹³　妻子的姐妹生的儿女：～婚〔双审：续行仅""婚""一字，原书无""婿""，〔已核〕消除〕"
21,u 韵,潽,pʻu³¹³,pʻu313,溢：饭～了,0,0,0,0,,潽　pʻu³¹³　溢：饭～了
21,u 韵,铺衬,pʻu³¹³ tʂʻəŋ,pʻu313 tʂʻəŋ,碎布条,0,0,0,0,,铺衬　pʻu³¹³ tʂʻəŋ　碎布条
21,u 韵,肤皮,fu³¹³ pʻi,fu313 pʻi,头皮屑,0,0,0,0,,肤皮　fu³¹³ pʻi　头皮屑
21,u 韵,伏心天,fu³⁵ ɕiŋ³¹³ tʻiɛ³¹³,fu35 ɕiŋ313 tʻiɛ313,中伏，夏天最热时,0,0,0,0,,伏心天　fu³⁵ ɕiŋ³¹³ tʻiɛ³¹³　中伏，夏天最热时
21,u 韵,副,fu⁵⁵,fu55,次、份：你们别挤，我得一～一～卖｜卖了三～,0,0,0,0,,副　fu⁵⁵　次、份：你们别挤，我得一～一～卖｜卖了三～
21,u 韵,□,tu³¹³,tu313,长时间煮：～鱼〔与字汇页9 u-t□互证〕,0,0,0,1,,□　tu³¹³　长时间煮：～鱼〔与字汇页9 u-t□互证〕
21,u 韵,吐,tu⁵⁵,tu55,①大人用嘴含着食物轻轻吐到婴儿口中②吐出：小孩～饭了,0,0,0,0,,吐　tu⁵⁵　①大人用嘴含着食物轻轻吐到婴儿口中②吐出：小孩～饭了
21,u 韵,土狗子,tʻu⁴¹ kəu⁴¹ tʂʅ,tʻu41 kəu41 tʂʅ,蝼蛄,0,0,0,0,,土狗子　tʻu⁴¹ kəu⁴¹ tʂʅ　蝼蛄
21,u 韵,兔虎,tʻu⁵⁵ xu⁴¹,tʻu55 xu41,老鹰,0,0,0,0,,兔虎　tʻu⁵⁵ xu⁴¹　老鹰
21,u 韵,芦秸,lu³⁵ tɕiɛ³¹³,lu35 tɕiɛ313,高粱秸,0,0,0,0,,芦秸　lu³⁵ tɕiɛ³¹³　高粱秸
21,u 韵,芦秫,lu³⁵ ʂuə¹³,lu35 ʂuə13,高粱,0,0,0,0,,芦秫　lu³⁵ ʂuə¹³　高粱
21,u 韵,醋凳子,tʂu⁵⁵ təŋ³¹³ tʂʅ,tʂu55 təŋ313 tʂʅ,盛醋的小碟子,0,0,0,0,〔双审：醋（酉+昔）字形确认；IPA tʂu⁵⁵ 原书如此（卷舌声母照录）〕,醋凳子〔双审：醋（酉+昔）字形确认；IPA tʂu⁵⁵ 原书如此（卷舌声母照录）〕　tʂu⁵⁵ təŋ³¹³ tʂʅ　盛醋的小碟子
21,u 韵,酥瓜,ʂu³¹³ kuɑ³¹³,ʂu313 kuɑ313,青色、长形带长条花纹的菜瓜，比黄瓜味甜，一般是生吃,0,0,0,0,,酥瓜　ʂu³¹³ kuɑ³¹³　青色、长形带长条花纹的菜瓜，比黄瓜味甜，一般是生吃
21,u 韵,姑爹,ku³¹³ ki³¹³,ku313 ki313,父亲的姑父,0,0,0,0,,姑爹　ku³¹³ ki³¹³　父亲的姑父
21,u 韵,牯牛,ku⁴¹ liəu³⁵,ku41 liəu35,未阉过的公牛,0,0,0,0,,牯牛　ku⁴¹ liəu³⁵　未阉过的公牛
21,u 韵,孤拐,ku⁴¹ kuɛ⁴¹,ku41 kuɛ41,踝骨,0,0,0,0,,孤拐　ku⁴¹ kuɛ⁴¹　踝骨
21,u 韵,苦,kʻu⁴¹,kʻu41,①挣、赚：～钱②很：～咸｜～辣,0,0,0,0,,苦　kʻu⁴¹　①挣、赚：～钱②很：～咸｜～辣
21,u 韵,苦夏,kʻu⁴¹ ɕiɑ⁵⁵,kʻu41 ɕiɑ55,有些人在夏天食欲差、消瘦,0,0,0,0,,苦夏　kʻu⁴¹ ɕiɑ⁵⁵　有些人在夏天食欲差、消瘦
21,u 韵,苦淫淫,kʻu⁴¹ iŋ³⁵ iŋ³⁵,kʻu41 iŋ35 iŋ35,略有苦味：这药～的,0,0,0,0,〔双审8x：氵+爫+𡈼，定淫；湮（覀+土）排除〕,苦淫淫〔双审8x：氵+爫+𡈼，定淫；湮（覀+土）排除〕　kʻu⁴¹ iŋ³⁵ iŋ³⁵　略有苦味：这药～的
21,u 韵,□,xu⁴¹,xu41,①泼：～水②撒：～化肥③花费：钱～出去了,0,0,0,1,"〔双审10x：原书本印空框，转录忠实；""霍类字""仅为推测〕","□〔双审10x：原书本印空框，转录忠实；""霍类字""仅为推测〕　xu⁴¹　①泼：～水②撒：～化肥③花费：钱～出去了"
21,y 韵,缕缕,ly⁴¹ ly⁴¹,ly41 ly41,连续、成群地向前：蚂蚁～的｜汗～的｜～带趟的,0,0,0,0,,缕缕　ly⁴¹ ly⁴¹　连续、成群地向前：蚂蚁～的｜汗～的｜～带趟的
21,y 韵,趋,tɕʻy³¹³,tɕʻy313,脚不离地往前挪动,0,0,0,0,〔双审8x：走+刍，走旁确认（非足旁）〕,趋〔双审8x：走+刍，走旁确认（非足旁）〕　tɕʻy³¹³　脚不离地往前挪动
21,y 韵,虚嚷,ɕy³¹³ z̩ɑŋ³¹³,ɕy313 z̩ɑŋ313,表面上邀请一下：中午来吃饭，不～,0,0,0,0,〔双审：第二字口旁=嚷（口+襄），调③上声合嚷，让（④）不合〕,虚嚷〔双审：第二字口旁=嚷（口+襄），调③上声合嚷，让（④）不合〕　ɕy³¹³ z̩ɑŋ³¹³　表面上邀请一下：中午来吃饭，不～
21,y 韵,纡,y³¹³,y313,弯：～直了｜～弯了,0,0,0,0,,纡　y³¹³　弯：～直了｜～弯了
21,y 韵,鱼鸦,y³⁵ iɑ³¹³,y35 iɑ313,鱼鹰,0,0,0,0,,鱼鸦　y³⁵ iɑ³¹³　鱼鹰
21,ɪ 韵,爹,tɪ³¹³,tɪ313,祖父：我～在家〔本方言爹=祖父〕,0,0,0,0,,爹　tɪ³¹³　祖父：我～在家〔本方言爹=祖父〕
21,ɪ 韵,□,tɪ³¹³,tɪ313,用簸箕轻颠一下，把细小的筛出,0,0,0,1,,□　tɪ³¹³　用簸箕轻颠一下，把细小的筛出
21,ɪ 韵,蝭蟟,tɪ⁴¹ liəu,tɪ41 liəu,蝉,0,0,0,0,,蝭蟟　tɪ⁴¹ liəu　蝉
21,ɪ 韵,蝭蟟猴,tɪ⁴¹ liəu xəu³⁵,tɪ41 liəu xəu35,蝉蛹,0,0,0,0,,蝭蟟猴　tɪ⁴¹ liəu xəu³⁵　蝉蛹
21,ɪ 韵,危欠,tɕʻɪ³¹³,tɕʻɪ313,躺：～在地上,0,0,0,0,〔双审定案：⿰危欠，方言专字——p10 字汇同形（彼处记①调），偢/敤 两候选均排除；本页 IPA ③与字汇①冲突，原书不一致，照录〕,危欠〔双审定案：⿰危欠，方言专字——p10 字汇同形（彼处记①调），偢/敤 两候选均排除；本页 IPA ③与字汇①冲突，原书不一致，照录〕　tɕʻɪ³¹³　躺：～在地上
21,ɪ 韵,□怀,ɕɪ⁴¹ xuɛ³⁵,ɕɪ41 xuɛ35,敞怀,0,0,0,1,,□怀　ɕɪ⁴¹ xuɛ³⁵　敞怀
21,ɪ 韵,□合,ɕɪ⁴¹ xə,ɕɪ41 xə,敞着：怀～着,0,0,0,1,,□合　ɕɪ⁴¹ xə　敞着：怀～着
21,ɪ 韵,爷,ɪ³⁵,ɪ35,叔：大～｜二～｜小～〔双审：零声母 ɪ³⁵ 印文确认；该条目本身即白读形式，原书无白读线〕,1,0,0,0,〔白〕,爷〔白〕　ɪ³⁵　叔：大～｜二～｜小～〔双审：零声母 ɪ³⁵ 印文确认；该条目本身即白读形式，原书无白读线〕
21,ɪ 韵,夜猫子,ɪ⁵⁵ mɔ³¹³ tʂʅ,ɪ55 mɔ313 tʂʅ,猫头鹰，也喻夜间精力旺盛的人,0,0,0,0,,夜猫子　ɪ⁵⁵ mɔ³¹³ tʂʅ　猫头鹰，也喻夜间精力旺盛的人
21,ɑ 韵,巴察,pɑ³¹³ tʂʻɑ,pɑ313 tʂʻɑ,暗暗地查看,0,0,0,0,,巴察　pɑ³¹³ tʂʻɑ　暗暗地查看
21,ɑ 韵,钯,pɑ³¹³,pɑ313,①补、钉：～盒锔锅②钉子：洋[铁钉子]——盆底打了个～子,0,0,0,0,〔已核定案:金+巴〕,钯〔已核定案:金+巴〕　pɑ³¹³　①补、钉：～盒锔锅②钉子：洋[铁钉子]——盆底打了个～子
21,ɑ 韵,钯锔子,pɑ³¹³ tɕyə¹³ tʂʅ,pɑ313 tɕyə13 tʂʅ,锔子,0,0,0,0,〔已核定案:金+巴〕,钯锔子〔已核定案:金+巴〕　pɑ³¹³ tɕyə¹³ tʂʅ　锔子
21,ɑ 韵,扒,pɑ³¹³,pɑ313,照着样子剪：～鞋样子,0,0,0,0,,扒　pɑ³¹³　照着样子剪：～鞋样子
21,ɑ 韵,扒河,pɑ³¹³ xɔ³⁵,pɑ313 xɔ35,挖河渠,0,0,0,0,,扒河　pɑ³¹³ xɔ³⁵　挖河渠
21,ɑ 韵,把,pɑ⁴¹,pɑ41,①给、送：把东西～给他了②把守、查路：路上有人～岗｜小鬼～门③次、回：再来一～(扑克)｜一～赢了十块,0,0,0,0,,把　pɑ⁴¹　①给、送：把东西～给他了②把守、查路：路上有人～岗｜小鬼～门③次、回：再来一～(扑克)｜一～赢了十块
22,ɑ 韵（续）,麻快,mɑ³⁵ kuɛ³⁵,mɑ35 kuɛ35,赶快，迅速,0,0,0,0,,麻快　mɑ³⁵ kuɛ³⁵　赶快，迅速
22,ɑ 韵（续）,麻溜,mɑ³⁵ liəu,mɑ35 liəu,快，顺当：做事～,0,0,0,0,,麻溜　mɑ³⁵ liəu　快，顺当：做事～
22,ɑ 韵（续）,麻筋,mɑ³⁵ tɕiŋ³¹³,mɑ35 tɕiŋ313,一碰即麻的穴位,0,0,0,0,,麻筋　mɑ³⁵ tɕiŋ³¹³　一碰即麻的穴位
22,ɑ 韵（续）,麻木,mɑ³⁵ mə¹³,mɑ35 mə13,不知天高地厚、得意忘形的神态：～神｜～蛋子｜穿件好衣裳～的,0,0,0,0,,麻木　mɑ³⁵ mə¹³　不知天高地厚、得意忘形的神态：～神｜～蛋子｜穿件好衣裳～的
22,ɑ 韵（续）,麻雀,mɑ³⁵ tɕyə¹³,mɑ35 tɕyə13,小男孩外阴,0,0,0,0,,麻雀　mɑ³⁵ tɕyə¹³　小男孩外阴
22,ɑ 韵（续）,马渣冻,mɑ⁴¹ tʂɑ³¹³ tɔŋ⁵⁵,mɑ41 tʂɑ313 tɔŋ55,薄冰,0,0,0,0,,马渣冻　mɑ⁴¹ tʂɑ³¹³ tɔŋ⁵⁵　薄冰
22,ɑ 韵（续）,马牙子,mɑ⁴¹ iɑ³⁵ tʂʅ,mɑ41 iɑ35 tʂʅ,婴儿长牙前，牙床上因炎症而起的疙瘩,0,0,0,0,,马牙子　mɑ⁴¹ iɑ³⁵ tʂʅ　婴儿长牙前，牙床上因炎症而起的疙瘩
22,ɑ 韵（续）,马子,mɑ⁴¹ tʂʅ,mɑ41 tʂʅ,马桶，一般指盛尿的小马子,0,0,0,0,,马子　mɑ⁴¹ tʂʅ　马桶，一般指盛尿的小马子
22,ɑ 韵（续）,马菜,mɑ⁴¹ tʂʻɛ⁵⁵,mɑ41 tʂʻɛ55,马齿苋,0,0,0,0,,马菜　mɑ⁴¹ tʂʻɛ⁵⁵　马齿苋
22,ɑ 韵（续）,大大,tɑ³¹³ tɑ,tɑ313 tɑ,"父亲〔双审16x：原书字形特殊——上作⺈/𡗗形、中夹乂、下作大，非通用""大""字；按音义归""大大""，原字形待考（非""爷爷""）〕",0,0,0,0,,"大大　tɑ³¹³ tɑ　父亲〔双审16x：原书字形特殊——上作⺈/𡗗形、中夹乂、下作大，非通用""大""字；按音义归""大大""，原字形待考（非""爷爷""）〕"
22,ɑ 韵（续）,打,tɑ⁴¹,tɑ41,①一杆秤最多能称起的重量：这秤～五十斤②筑：～墙｜～坝子,0,0,0,0,,打　tɑ⁴¹　①一杆秤最多能称起的重量：这秤～五十斤②筑：～墙｜～坝子
22,ɑ 韵（续）,打呓怔,tɑ⁴¹ i⁵⁵ tʂʅ,tɑ41 i55 tʂʅ,梦魇,0,0,0,0,,打呓怔　tɑ⁴¹ i⁵⁵ tʂʅ　梦魇
22,ɑ 韵（续）,打粗,tɑ⁴¹ tʂʻu³¹³,tɑ41 tʂʻu313,家畜耐粗食,0,0,0,0,,打粗　tɑ⁴¹ tʂʻu³¹³　家畜耐粗食
22,ɑ 韵（续）,打憷,tɑ⁴¹ tʂʻu⁵⁵,tɑ41 tʂʻu55,恐惧、胆怯,0,0,0,0,〔已核:忄+楚;音chù初母御韵合〕,打憷〔已核:忄+楚;音chù初母御韵合〕　tɑ⁴¹ tʂʻu⁵⁵　恐惧、胆怯
22,ɑ 韵（续）,打雨,tɑ⁴¹ y⁴¹,tɑ41 y41,潲雨,0,0,0,0,,打雨　tɑ⁴¹ y⁴¹　潲雨
22,ɑ 韵（续）,打头,tɑ⁴¹ tʻəu³⁵,tɑ41 tʻəu35,摘除瓜果树本的顶头,0,0,0,0,,打头　tɑ⁴¹ tʻəu³⁵　摘除瓜果树本的顶头
22,ɑ 韵（续）,打方子,tɑ⁴¹ fɑŋ³¹³ tʂʅ,tɑ41 fɑŋ313 tʂʅ,买中药,0,0,0,0,,打方子　tɑ⁴¹ fɑŋ³¹³ tʂʅ　买中药
22,ɑ 韵（续）,打汪,tɑ⁴¹ uɑŋ³¹³,tɑ41 uɑŋ313,水牛在泥水里泡着,0,0,0,0,,打汪　tɑ⁴¹ uɑŋ³¹³　水牛在泥水里泡着
22,ɑ 韵（续）,打吞子,tɑŋ⁴¹ tʻəŋ⁵⁵,tɑŋ41 tʻəŋ55,tʂʅ〔双审10x：原书 IPA 作 tɑŋ⁴¹tʰəŋ⁵⁵——首音节多出 ŋ 尾与打 tɑ⁴¹ 不合（转录原记 təŋ⁴¹），第二音节调值 ⁵⁵（原记 ³⁵），均照录原书〕　用咳嗽示意,0,0,0,0,,打吞子　tɑŋ⁴¹ tʻəŋ⁵⁵ tʂʅ〔双审10x：原书 IPA 作 tɑŋ⁴¹tʰəŋ⁵⁵——首音节多出 ŋ 尾与打 tɑ⁴¹ 不合（转录原记 təŋ⁴¹），第二音节调值 ⁵⁵（原记 ³⁵），均照录原书〕　用咳嗽示意
22,ɑ 韵（续）,打信,tɑ⁴¹ ɕiŋ⁵⁵,tɑ41 ɕiŋ55,寄信,0,0,0,0,,打信　tɑ⁴¹ ɕiŋ⁵⁵　寄信
22,ɑ 韵（续）,打春,tɑ⁴¹ tʂʻəŋ³¹³,tɑ41 tʂʻəŋ313,立春：春打六九头,0,0,0,0,,打春　tɑ⁴¹ tʂʻəŋ³¹³　立春：春打六九头
22,ɑ 韵（续）,打从,tɑ⁴¹ tʂʻəŋ³⁵,tɑ41 tʂʻəŋ35,自从：～上次起就卖三块,0,0,0,0,,打从　tɑ⁴¹ tʂʻəŋ³⁵　自从：～上次起就卖三块
22,ɑ 韵（续）,大雷,tɑ⁵⁵ lei³⁵,tɑ55 lei35,编连成串的大个鞭炮,0,0,0,0,,大雷　tɑ⁵⁵ lei³⁵　编连成串的大个鞭炮
22,ɑ 韵（续）,大圈,tɑ⁵⁵ tɕʻyõ³¹³,tɑ55 tɕʻyõ313,车轮上的钢圈,0,0,0,0,,大圈　tɑ⁵⁵ tɕʻyõ³¹³　车轮上的钢圈
22,ɑ 韵（续）,大糖,tɑ⁵⁵ tʻɑŋ³⁵,tɑ55 tʻɑŋ35,手工做的饴糖,0,0,0,0,,大糖　tɑ⁵⁵ tʻɑŋ³⁵　手工做的饴糖
22,ɑ 韵（续）,大伯头子,tɑ⁵⁵ pə¹³ tʻəu³⁵ tʂʅ,tɑ55 pə13 tʻəu35 tʂʅ,丈夫的哥哥,0,0,0,0,,大伯头子　tɑ⁵⁵ pə¹³ tʻəu³⁵ tʂʅ　丈夫的哥哥
22,ɑ 韵（续）,大妈,tɑ⁵⁵ mɑ³¹³,tɑ55 mɑ313,大伯母。伯母称妈，婶子称娘：二妈｜三妈｜二娘｜小娘②对尊称亲长的妇女,0,0,0,0,,大妈　tɑ⁵⁵ mɑ³¹³　大伯母。伯母称妈，婶子称娘：二妈｜三妈｜二娘｜小娘②对尊称亲长的妇女
22,ɑ 韵（续）,大姑娘,tɑ⁵⁵,tɑ55,ku tɕɪ⁴¹　丈夫的姐姐,0,0,0,0,,大姑娘　tɑ⁵⁵ ku tɕɪ⁴¹　丈夫的姐姐
22,ɑ 韵（续）,大腮??,tɑ⁵⁵ ku⁴¹ ʂɛ³¹³,tɑ55 ku41 ʂɛ313,腮腺炎,0,0,0,0,,大腮??　tɑ⁵⁵ ku⁴¹ ʂɛ³¹³　腮腺炎
22,ɑ 韵（续）,大爷,tɑ⁵⁵ ɪ,tɑ55 ɪ,大伯。二伯叫二～，三伯叫三～，余类推,0,0,0,0,,大爷　tɑ⁵⁵ ɪ　大伯。二伯叫二～，三伯叫三～，余类推
22,ɑ 韵（续）,大爷,tɑ⁵⁵ ɪ³⁵,tɑ55 ɪ35,大叔。二叔叫二爷，三叔叫三～，小叔叫小爷,0,0,0,0,,大爷　tɑ⁵⁵ ɪ³⁵　大叔。二叔叫二爷，三叔叫三～，小叔叫小爷
22,ɑ 韵（续）,大柴,tɑ⁵⁵ tʂʻɛ³⁵,tɑ55 tʂʻɛ35,芦苇,0,0,0,0,,大柴　tɑ⁵⁵ tʂʻɛ³⁵　芦苇
22,ɑ 韵（续）,拉馋,lɑ³¹³ tʂʻæ̃³⁵,lɑ313 tʂʻæ̃35,解馋,0,0,0,0,,拉馋　lɑ³¹³ tʂʻæ̃³⁵　解馋
22,ɑ 韵（续）,拉弯子,lɑ³¹³ uæ̃³¹³ tʂʅ,lɑ313 uæ̃313 tʂʅ,说和一下，使受窘的当事人好下台,0,0,0,0,,拉弯子　lɑ³¹³ uæ̃³¹³ tʂʅ　说和一下，使受窘的当事人好下台
22,ɑ 韵（续）,拉瓜,lɑ³¹³ kuɑ³¹³,lɑ313 kuɑ313,拔掉瓜秧时最后一次采摘的瓜,0,0,0,0,,拉瓜　lɑ³¹³ kuɑ³¹³　拔掉瓜秧时最后一次采摘的瓜
22,ɑ 韵（续）,落,lɑ³⁵,lɑ35,①昆虫产卵：蛾子～子②遗留：庄稼～了一地,0,0,0,0,,落　lɑ³⁵　①昆虫产卵：蛾子～子②遗留：庄稼～了一地
22,ɑ 韵（续）,拿,lɑ³⁵,lɑ35,①推拿：～膀子②故意刁难：关键时～一把,0,0,0,0,,拿　lɑ³⁵　①推拿：～膀子②故意刁难：关键时～一把
22,ɑ 韵（续）,拿别别撬,lɑ³⁵ piə¹³ piə¹³ tɕʻiɔ⁵⁵,lɑ35 piə13 piə13 tɕʻiɔ55,故意刁难,0,0,0,0,,拿别别撬　lɑ³⁵ piə¹³ piə¹³ tɕʻiɔ⁵⁵　故意刁难
22,ɑ 韵（续）,□,lɑ⁵⁵,lɑ55,两腿分开站立：莫腿～着站在路上,0,0,0,1,,□　lɑ⁵⁵　两腿分开站立：莫腿～着站在路上
22,ɑ 韵（续）,□巴,lɑ⁵⁵ pɑ,lɑ55 pɑ,腿向两边分开着走：小孩走路～～的,0,0,0,1,,□巴　lɑ⁵⁵ pɑ　腿向两边分开着走：小孩走路～～的
22,ɑ 韵（续）,□当,lɑ⁵⁵ tɑŋ,lɑ55 tɑŋ,,0,0,0,1,,□当　lɑ⁵⁵ tɑŋ
22,ɑ 韵（续）,踏,tʂɑ³¹³,tʂɑ313,①踩：～了一脚泥②到：他一直不敢～来｜长这么大没有～过上海,0,0,0,0,,踏　tʂɑ³¹³　①踩：～了一脚泥②到：他一直不敢～来｜长这么大没有～过上海
22,ɑ 韵（续）,纬,tʂɑ⁵⁵,tʂɑ55,衣服缝接处的线断开：一蹬裤裆～开了,0,0,0,0,〔双审8x：纟+韦字形确认；音 tʂɑ⁵⁵ 与纬（微母）不合，疑方言借形或注音误，照录〕,纬〔双审8x：纟+韦字形确认；音 tʂɑ⁵⁵ 与纬（微母）不合，疑方言借形或注音误，照录〕　tʂɑ⁵⁵　衣服缝接处的线断开：一蹬裤裆～开了
22,ɑ 韵（续）,□子,tʂʻɑ³¹³ tʂʅ,tʂʻɑ313 tʂʅ,玻璃及陶制器皿的碎片：瓦～｜缸～｜瓶～｜碗～,0,0,0,1,,□子　tʂʻɑ³¹³ tʂʅ　玻璃及陶制器皿的碎片：瓦～｜缸～｜瓶～｜碗～
22,ɑ 韵（续）,喳咕,tʂʻɑ³¹³,tʂʻɑ313,ku　商量,0,0,0,0,,喳咕　tʂʻɑ³¹³ ku　商量
22,ɑ 韵（续）,茶,tʂʻɑ³⁵,tʂʻɑ35,白开水也叫茶,0,0,0,0,,茶　tʂʻɑ³⁵　白开水也叫茶
22,ɑ 韵（续）,犮,tʂʻɑ⁴¹,tʂʻɑ41,张开大嘴咬：～饭吃｜狗～人,0,0,0,0,〔双审10x：字形确为犮（叐，犬+丿），原转录「汲」订正；音 tʂʻɑ⁴¹ 与犮（拔）不合，疑方言借形，照录〕,犮〔双审10x：字形确为犮（叐，犬+丿），原转录「汲」订正；音 tʂʻɑ⁴¹ 与犮（拔）不合，疑方言借形，照录〕　tʂʻɑ⁴¹　张开大嘴咬：～饭吃｜狗～人
22,ɑ 韵（续）,差翎,tʂʻɑ⁵⁵ liŋ³⁵,tʂʻɑ55 liŋ35,禽鸟换毛：鸡～不下蛋了,0,0,0,0,,差翎　tʂʻɑ⁵⁵ liŋ³⁵　禽鸟换毛：鸡～不下蛋了
22,ɑ 韵（续）,差蛋,tʂʻɑ⁵⁵ tæ̃,tʂʻɑ55 tæ̃,家禽不按常规下蛋了：鸡吃雪会～,0,0,0,0,,差蛋　tʂʻɑ⁵⁵ tæ̃　家禽不按常规下蛋了：鸡吃雪会～
22,ɑ 韵（续）,挲牛,ʂɑ³¹³ liəu,ʂɑ313 liəu,母黄牛,0,0,0,0,〔双审8x：沙+手=挲 确认；萨排除〕,挲牛〔双审8x：沙+手=挲 确认；萨排除〕　ʂɑ³¹³ liəu　母黄牛
22,ɑ 韵（续）,讠区形字,ʂɑ³¹³,ʂɑ313,①楔子：木～子②动词；～起来,0,0,0,0,〔双审8x：左讠/扌、右匚+㐅（近「讴/抠」形），诓（匚+王）候选排除；音 ʂɑ³¹③ 与楔子义用字均待考，照录〕,讠区形字〔双审8x：左讠/扌、右匚+㐅（近「讴/抠」形），诓（匚+王）候选排除；音 ʂɑ³¹③ 与楔子义用字均待考，照录〕　ʂɑ³¹³　①楔子：木～子②动词；～起来
22,ɑ 韵（续）,渻形字么,ʂɑ³¹³ mə,ʂɑ313 mə,暗暗地查看,0,0,0,0,〔双审10x：首字为 氵+省 形生僻字（近渻/渺），原转录「溻省么」之「溻」系误拆——词头实为该字+么两字；音义待考，照录〕,渻形字么〔双审10x：首字为 氵+省 形生僻字（近渻/渺），原转录「溻省么」之「溻」系误拆——词头实为该字+么两字；音义待考，照录〕　ʂɑ³¹³ mə　暗暗地查看
22,ɑ 韵（续）,撒花,ʂɑ³¹³ xuɑ³¹³,ʂɑ313 xuɑ313,在盐田里撒上种盐，促进结晶,0,0,0,0,,撒花　ʂɑ³¹³ xuɑ³¹³　在盐田里撒上种盐，促进结晶
23,ɑ 韵（收尾）,□,kɑ³⁵,kɑ35,划：～洋火,0,0,0,1,,□　kɑ³⁵　划：～洋火
23,ɑ 韵（收尾）,□气,kɑ³⁵ tɕʻi⁵⁵,kɑ35 tɕʻi55,打嗝,0,0,0,1,,□气　kɑ³⁵ tɕʻi⁵⁵　打嗝
23,ɑ 韵（收尾）,□,kʻɑ³¹³,kʻɑ313,用力倒出：菜从筐里～出来洗洗,0,0,0,1,,□　kʻɑ³¹³　用力倒出：菜从筐里～出来洗洗
23,ɑ 韵（收尾）,□,kʻɑ³⁵,kʻɑ35,翻扣：～碗｜怎端的，饭～到地上,0,0,0,1,,□　kʻɑ³⁵　翻扣：～碗｜怎端的，饭～到地上
23,ɑ 韵（收尾）,哈哈,xɑ³¹³ xɑ³¹³,xɑ313 xɑ313,持续，顺当：农民工盖楼，说干，～的，连收麦也没停｜脚踏车骑～的,0,0,0,0,,哈哈　xɑ³¹³ xɑ³¹³　持续，顺当：农民工盖楼，说干，～的，连收麦也没停｜脚踏车骑～的
23,ɑ 韵（收尾）,哈,xɑ³⁵,xɑ35,表示请求的语气：对我好点～,0,0,0,0,,哈　xɑ³⁵　表示请求的语气：对我好点～
23,ɑ 韵（收尾）,哈瑟,xɑ³⁵ ʂə,xɑ35 ʂə,①发抖：吓得直～②乱用：钱～光了③揭露，宣扬：把你的丑事～～,0,0,0,0,,哈瑟　xɑ³⁵ ʂə　①发抖：吓得直～②乱用：钱～光了③揭露，宣扬：把你的丑事～～
23,ɑ 韵（收尾）,腌洒,ɑ³¹³ ʂɑ,ɑ313 ʂɑ,垃圾,0,0,0,0,,腌洒　ɑ³¹³ ʂɑ　垃圾
23,iɑ 韵,牙猪,iɑ³⁵ tʂu³¹³,iɑ35 tʂu313,小公猪,0,0,0,0,,牙猪　iɑ³⁵ tʂu³¹³　小公猪
23,iɑ 韵,牙花子,iɑ³⁵ xuɑ³¹³ tʂʅ,iɑ35 xuɑ313 tʂʅ,牙龈,0,0,0,0,,牙花子　iɑ³⁵ xuɑ³¹³ tʂʅ　牙龈
23,iɑ 韵,牙狗,iɑ³⁵ kəu⁴¹,iɑ35 kəu41,小公狗,0,0,0,0,,牙狗　iɑ³⁵ kəu⁴¹　小公狗
23,iɑ 韵,芽糖,iɑ³⁵ tʻɑŋ³⁵,iɑ35 tʻɑŋ35,麦芽糖,0,0,0,0,,芽糖　iɑ³⁵ tʻɑŋ³⁵　麦芽糖
23,iɑ 韵,挜卖,iɑ⁵⁵ mɛ⁵⁵,iɑ55 mɛ55,硬把东西送给或卖给别人,0,0,0,0,,挜卖　iɑ⁵⁵ mɛ⁵⁵　硬把东西送给或卖给别人
23,uɑ 韵,抓钩,tʂuɑ³¹³ kəu³¹³,tʂuɑ313 kəu313,三齿刨土工具,0,0,0,0,,抓钩　tʂuɑ³¹³ kəu³¹³　三齿刨土工具
23,uɑ 韵,□,tʂuɑ³⁵,tʂuɑ35,轻轻地扫：～地,0,0,0,1,,□　tʂuɑ³⁵　轻轻地扫：～地
23,uɑ 韵,□,tʂʻuɑ³¹³,tʂʻuɑ313,猛地一抓：～只蜻蜓,0,0,0,1,,□　tʂʻuɑ³¹³　猛地一抓：～只蜻蜓
23,uɑ 韵,□,kuɑ³¹³,kuɑ313,舀：从锅里～饭｜屋里进水了，快～,0,0,0,1,,□　kuɑ³¹³　舀：从锅里～饭｜屋里进水了，快～
23,uɑ 韵,瓜扭子,kuɑ³¹³ liəu⁴¹ tʂʅ,kuɑ313 liəu41 tʂʅ,刚谢花的小瓜,0,0,0,0,,瓜扭子　kuɑ³¹³ liəu⁴¹ tʂʅ　刚谢花的小瓜
23,uɑ 韵,瓜壳子,kuɑ³¹³ kʻə¹³ tʂʅ,kuɑ313 kʻə13 tʂʅ,瓜皮帽,0,0,0,0,,瓜壳子　kuɑ³¹³ kʻə¹³ tʂʅ　瓜皮帽
23,uɑ 韵,呱,kuɑ³⁵ kuə¹³,kuɑ35 kuə13,鹁鸪〔双审10x：第二字实为 口+国（囗+玉清晰），非喎；鹁鸪拟声，疑专字/形误，照录〕,0,0,0,0,〔⿰口国〕,呱〔⿰口国〕　kuɑ³⁵ kuə¹³　鹁鸪〔双审10x：第二字实为 口+国（囗+玉清晰），非喎；鹁鸪拟声，疑专字/形误，照录〕
23,uɑ 韵,挂,kuɑ³⁵,kuɑ35,牵扯：衣服让树枝～破了,0,0,0,0,,挂　kuɑ³⁵　牵扯：衣服让树枝～破了
23,uɑ 韵,挂,kuɑ⁵⁵,kuɑ55,辆：一～自行车｜一～汽车,0,0,0,0,,挂　kuɑ⁵⁵　辆：一～自行车｜一～汽车
23,uɑ 韵,侉子,kʻuɑ⁴¹ tʂʅ,kʻuɑ41 tʂʅ,本地人称赣榆、山东一带口音的人为～：赣榆～,0,0,0,0,,侉子　kʻuɑ⁴¹ tʂʅ　本地人称赣榆、山东一带口音的人为～：赣榆～
23,uɑ 韵,挎耳旁,kʻuɑ⁵⁵ ɛ⁴¹ pʻɑŋ³⁵,kʻuɑ55 ɛ41 pʻɑŋ35,"部首""阝""",0,0,0,0,,"挎耳旁　kʻuɑ⁵⁵ ɛ⁴¹ pʻɑŋ³⁵　部首""阝"""
23,uɑ 韵,花大姐,xuɑ³¹³ tɑ⁵⁵ tɕɪ⁴¹,xuɑ313 tɑ55 tɕɪ41,瓢虫,0,0,0,0,,花大姐　xuɑ³¹³ tɑ⁵⁵ tɕɪ⁴¹　瓢虫
23,uɑ 韵,花花招招,xuɑ³¹³ xuɑ³¹³ tʂɔ³¹³ tʂɔ³¹³,xuɑ313 xuɑ313 tʂɔ313 tʂɔ313,①看不清楚：人老了，看东西～②不均匀：布染～的,0,0,0,0,,花花招招　xuɑ³¹³ xuɑ³¹³ tʂɔ³¹³ tʂɔ³¹³　①看不清楚：人老了，看东西～②不均匀：布染～的
23,uɑ 韵,花油,xuɑ³¹³ iəu³⁵,xuɑ313 iəu35,网状的猪油,0,0,0,0,,花油　xuɑ³¹³ iəu³⁵　网状的猪油
23,uɑ 韵,□,xuɑ³⁵,xuɑ35,①全、都：地上～是水②只是：～吃肉，不吃菜,0,0,0,1,,□　xuɑ³⁵　①全、都：地上～是水②只是：～吃肉，不吃菜
23,uɑ 韵,华家,xuɑ³⁵ tɕiɑ³¹³,xuɑ35 tɕiɑ313,同姓：我们是～,0,0,0,0,,华家　xuɑ³⁵ tɕiɑ³¹³　同姓：我们是～
23,uɑ 韵,哇呜叽糟,uɑ³¹³ u³¹³ tɕi³¹³ tʂɔ³¹³,uɑ313 u313 tɕi313 tʂɔ313,①很、后悔、无法挽救时的心情②内部无主张、混乱,0,0,0,0,"〔双审14x：哇=口+圭；呜按音 u³¹③ 定（鸟/乌点不清）；IPA 原书作 uɑ³¹³ u³¹³ tɕi³¹³ tʂɔ³¹³（原转录 xuɑ³¹³ 系误,订正）〕","哇呜叽糟〔双审14x：哇=口+圭；呜按音 u³¹③ 定（鸟/乌点不清）；IPA 原书作 uɑ³¹³ u³¹³ tɕi³¹³ tʂɔ³¹³（原转录 xuɑ³¹³ 系误,订正）〕　uɑ³¹³ u³¹³ tɕi³¹³ tʂɔ³¹³　①很、后悔、无法挽救时的心情②内部无主张、混乱"
23,uɑ 韵,□,uɑ⁴¹,uɑ41,舀取干的、稠的东西：～米｜～饭,0,0,0,1,,□　uɑ⁴¹　舀取干的、稠的东西：～米｜～饭
23,uɑ 韵,□巴子,uɑ⁴¹ pɑ³¹³ tʂʅ,uɑ41 pɑ313 tʂʅ,小巴斗,0,0,0,1,,□巴子　uɑ⁴¹ pɑ³¹³ tʂʅ　小巴斗
23,uɑ 韵,□,uɑ⁴¹,uɑ41,用指甲抓：～脸,0,0,0,1,,□　uɑ⁴¹　用指甲抓：～脸
23,uɑ 韵,瓦不,uɑ⁴¹ pə,uɑ41 pə,卷曲、弓起发皱的样子：纸,0,0,0,0,〔已核定案:原书如此〕,瓦不〔已核定案:原书如此〕　uɑ⁴¹ pə　卷曲、弓起发皱的样子：纸
23,iɑ 韵,家鱼,tɕiɑ³¹³ y³⁵,tɕiɑ313 y35,大头鲢鱼,0,0,0,0,,家鱼　tɕiɑ³¹³ y³⁵　大头鲢鱼
23,iɑ 韵,家边,tɕiɑ³¹³ piɛ̃³¹³,tɕiɑ313 piɛ̃313,邻居：～的小孩,0,0,0,0,,家边　tɕiɑ³¹³ piɛ̃³¹³　邻居：～的小孩
23,iɑ 韵,家天子,tɕiɑ³¹³ tʻiɛ³¹³ tʂʅ,tɕiɑ313 tʻiɛ313 tʂʅ,家院儿,0,0,0,0,,家天子　tɕiɑ³¹³ tʻiɛ³¹³ tʂʅ　家院儿
23,iɑ 韵,假马,tɕiɑ⁴¹ mɑ⁴¹,tɕiɑ41 mɑ41,故意装假，不懂装懂,0,0,0,0,,假马　tɕiɑ⁴¹ mɑ⁴¹　故意装假，不懂装懂
23,iɑ 韵,架势,tɕiɑ⁵⁵ ʂɿ⁵⁵,tɕiɑ55 ʂɿ55,捧场，帮忙,0,0,0,0,,架势　tɕiɑ⁵⁵ ʂɿ⁵⁵　捧场，帮忙
23,iɑ 韵,卡,tɕʻiɑ³⁵,tɕʻiɑ35,①以势压人：～人｜～强②抢夺：东西给他～去了,0,0,0,0,,卡　tɕʻiɑ³⁵　①以势压人：～人｜～强②抢夺：东西给他～去了
23,iɑ 韵,??,ɕiɑ³¹³,ɕiɑ313,弯：～腰｜腰～下来,0,0,0,0,,??　ɕiɑ³¹³　弯：～腰｜腰～下来
23,iɑ 韵,下市,ɕiɑ⁵⁵ ʂɿ⁵⁵,ɕiɑ55 ʂɿ55,集市散了,0,0,0,0,,下市　ɕiɑ⁵⁵ ʂɿ⁵⁵　集市散了
23,iɑ 韵,下地,ɕiɑ⁵⁵ ti⁵⁵,ɕiɑ55 ti55,下葬,0,0,0,0,,下地　ɕiɑ⁵⁵ ti⁵⁵　下葬
23,iɑ 韵,下雾,ɕiɑ⁵⁵ u⁵⁵,ɕiɑ55 u55,起雾,0,0,0,0,,下雾　ɕiɑ⁵⁵ u⁵⁵　起雾
23,iɑ 韵,下窝狗,ɕiɑ⁵⁵ ɔ³¹³ kəu⁴¹,ɕiɑ55 ɔ313 kəu41,刚生过小狗的母狗,0,0,0,0,,下窝狗　ɕiɑ⁵⁵ ɔ³¹³ kəu⁴¹　刚生过小狗的母狗
23,iɑ 韵,下料,ɕiɑ⁵⁵ liɔ⁵⁵,ɕiɑ55 liɔ55,下流，不长进,0,0,0,0,,下料　ɕiɑ⁵⁵ liɔ⁵⁵　下流，不长进
23,iɑ 韵,下三,ɕiɑ⁵⁵ ʂæ̃³¹³,ɕiɑ55 ʂæ̃313,下贱，无赖，没出息,0,0,0,0,,下三　ɕiɑ⁵⁵ ʂæ̃³¹³　下贱，无赖，没出息
23,iɑ 韵,下三烂子,ɕiɑ⁵⁵ ʂæ̃³¹³ læ̃⁵⁵ tʂʅ,ɕiɑ55 ʂæ̃313 læ̃55 tʂʅ,品行不端，不成材的人,0,0,0,0,,下三烂子　ɕiɑ⁵⁵ ʂæ̃³¹³ læ̃⁵⁵ tʂʅ　品行不端，不成材的人
23,iɑ 韵,下傍晚,ɕiɑ⁵⁵ pɑŋ³¹³ uæ̃⁴¹,ɕiɑ55 pɑŋ313 uæ̃41,下午天近黄昏时,0,0,0,0,,下傍晚　ɕiɑ⁵⁵ pɑŋ³¹³ uæ̃⁴¹　下午天近黄昏时
23,iɑ 韵,下骨颏子,ɕiɑ⁵⁵ kuə¹³ kə¹³ tʂʅ,ɕiɑ55 kuə13 kə13 tʂʅ,下巴,0,0,0,0,〔双审6x：第三字=颏（亥+页），下巴颏标准字，原转录「颜」订正〕,下骨颏子〔双审6x：第三字=颏（亥+页），下巴颏标准字，原转录「颜」订正〕　ɕiɑ⁵⁵ kuə¹³ kə¹³ tʂʅ　下巴
23,iɑ 韵,丫,iɑ³¹³,iɑ313,刀刃上的缺口,0,0,0,0,,丫　iɑ³¹³　刀刃上的缺口
23,iɑ 韵,丫钢,iɑ³¹³ kɑŋ³¹³,iɑ313 kɑŋ313,给刀刃加钢，使之耐磨,0,0,0,0,,丫钢　iɑ³¹³ kɑŋ³¹³　给刀刃加钢，使之耐磨
24,ɑ 韵（收尾）,洼塌,uɑ⁵⁵ tʻə¹³,uɑ55 tʻə13,凹下去的地面：～里有鱼,0,0,0,0,,洼塌　uɑ⁵⁵ tʻə¹³　凹下去的地面：～里有鱼
24,o 韵,簸箕柳,pɔ⁵⁵ tɕi liəu⁴¹,pɔ55 tɕi liəu41,杞柳,0,0,0,0,,簸箕柳　pɔ⁵⁵ tɕi liəu⁴¹　杞柳
24,o 韵,抔,pʻɔ³⁵,pʻɔ35,用手掌向一处集拢收取碎物：～了沙子｜把豆子～起来,0,0,0,0,〔双审10x：扌+不 确认〕,抔〔双审10x：扌+不 确认〕　pʻɔ³⁵　用手掌向一处集拢收取碎物：～了沙子｜把豆子～起来
24,o 韵,破,pʻɔ⁵⁵,pʻɔ55,①折散：绳子～开了②整线换零钱：十块钱～成两个五块的,0,0,0,0,,破　pʻɔ⁵⁵　①折散：绳子～开了②整线换零钱：十块钱～成两个五块的
24,o 韵,破财,pʻɔ⁵⁵ tʂʻɛ³⁵,pʻɔ55 tʂʻɛ35,损失财物,0,0,0,0,,破财　pʻɔ⁵⁵ tʂʻɛ³⁵　损失财物
24,o 韵,么,mɔ³⁵,mɔ35,什么的合音：做～的,0,0,0,0,,么　mɔ³⁵　什么的合音：做～的
24,o 韵,磨,mɔ⁵⁵,mɔ55,①把重物不离地面地移挪：把大石头～过去②掉转：小巷太窄，～不开身子③借：东借西～,0,0,0,0,,磨　mɔ⁵⁵　①把重物不离地面地移挪：把大石头～过去②掉转：小巷太窄，～不开身子③借：东借西～
24,o 韵,磨脐,mɔ⁵⁵ tɕʻi³⁵,mɔ55 tɕʻi35,固定在石磨下扇中心上的轴,0,0,0,0,,磨脐　mɔ⁵⁵ tɕʻi³⁵　固定在石磨下扇中心上的轴
24,o 韵,磨眼,mɔ⁵⁵ iæ̃⁴¹,mɔ55 iæ̃41,磨的上扇装粮食的圆口,0,0,0,0,,磨眼　mɔ⁵⁵ iæ̃⁴¹　磨的上扇装粮食的圆口
24,o 韵,多,tɔ³¹³,tɔ313,很，表示程度大：～胖的｜～厚的,0,0,0,0,,多　tɔ³¹³　很，表示程度大：～胖的｜～厚的
24,o 韵,多货,tɔ³¹³ xɔ⁵⁵,tɔ313 xɔ55,加在量词之后，表示有零头：天～｜斤～｜尺～,0,0,0,0,,多货　tɔ³¹³ xɔ⁵⁵　加在量词之后，表示有零头：天～｜斤～｜尺～
24,o 韵,躲灾,tɔ⁴¹ tʂɛ³¹³,tɔ41 tʂɛ313,①偷懒，躲过该做的事②躲避灾难,0,0,0,0,,躲灾　tɔ⁴¹ tʂɛ³¹³　①偷懒，躲过该做的事②躲避灾难
24,o 韵,躲蹦蹦,tɔ⁴¹ pəŋ⁵⁵ pəŋ,tɔ41 pəŋ55 pəŋ,捉迷藏,0,0,0,0,,躲蹦蹦　tɔ⁴¹ pəŋ⁵⁵ pəŋ　捉迷藏
24,o 韵,拖油瓶,tʻɔ³¹³ iəu³⁵ pʻiŋ³⁵,tʻɔ313 iəu35 pʻiŋ35,母亲改嫁带到男方的孩子,0,0,0,0,,拖油瓶　tʻɔ³¹³ iəu³⁵ pʻiŋ³⁵　母亲改嫁带到男方的孩子
24,o 韵,坨地,tʻɔ³⁵ ti⁵⁵,tʻɔ35 ti55,盐场大量堆放海盐的平地,0,0,0,0,,坨地　tʻɔ³⁵ ti⁵⁵　盐场大量堆放海盐的平地
24,o 韵,驼,tʻɔ³⁵,tʻɔ35,弯：屋梁～了,0,0,0,0,,驼　tʻɔ³⁵　弯：屋梁～了
24,o 韵,驼摞,tʻɔ³⁵ lɔ⁵⁵,tʻɔ35 lɔ55,昆虫交配,0,0,0,0,,驼摞　tʻɔ³⁵ lɔ⁵⁵　昆虫交配
24,o 韵,□,tʻɔ³⁵,tʻɔ35,藤蔓生长：～秧,0,0,0,1,,□　tʻɔ³⁵　藤蔓生长：～秧
24,o 韵,螺螺,lɔ³⁵ lɔ,lɔ35 lɔ,螺蛳,0,0,0,0,,螺螺　lɔ³⁵ lɔ　螺蛳
24,o 韵,罗罗眼,lɔ³⁵ lɔ³⁵ iæ̃⁴¹,lɔ35 lɔ35 iæ̃41,角膜长云翳的眼睛,0,0,0,0,,罗罗眼　lɔ³⁵ lɔ³⁵ iæ̃⁴¹　角膜长云翳的眼睛
24,o 韵,咋朝子,tʂɔ⁴¹ tʂɔ³¹³ tʂʅ,tʂɔ41 tʂɔ313 tʂʅ,昨天,0,0,0,0,,咋朝子　tʂɔ⁴¹ tʂɔ³¹³ tʂʅ　昨天
24,o 韵,捽,tʂɔ⁴¹,tʂɔ41,抓：～住绳子，莫叫羊跑了,0,0,0,0,〔双审10x：扌+卒 确认〕,捽〔双审10x：扌+卒 确认〕　tʂɔ⁴¹　抓：～住绳子，莫叫羊跑了
24,o 韵,左不溜子,tʂɔ⁴¹ pə liəu³¹³ tʂʅ,tʂɔ41 pə liəu313 tʂʅ,左撇子,0,0,0,0,,左不溜子　tʂɔ⁴¹ pə liəu³¹³ tʂʅ　左撇子
24,o 韵,坐小月子,tʂɔ⁵⁵ ɕiɔ⁴¹ yə¹³ tʂʅ,tʂɔ55 ɕiɔ41 yə13 tʂʅ,因小产而休养的日子,0,0,0,0,,坐小月子　tʂɔ⁵⁵ ɕiɔ⁴¹ yə¹³ tʂʅ　因小产而休养的日子
24,o 韵,坐家三品,tʂɔ⁵⁵ tɕiɑ³¹³ ʂæ̃³¹³ pʻiŋ⁴¹,tʂɔ55 tɕiɑ313 ʂæ̃313 pʻiŋ41,在家乡以势欺侮外乡人,0,0,0,0,,坐家三品　tʂɔ⁵⁵ tɕiɑ³¹³ ʂæ̃³¹³ pʻiŋ⁴¹　在家乡以势欺侮外乡人
24,o 韵,□,ʂɔ³⁵,ʂɔ35,围囤：用茓子～粮食,0,0,0,1,,□　ʂɔ³⁵　围囤：用茓子～粮食
24,o 韵,锅屋,kɔ³¹³ u³¹³,kɔ313 u313,厨房,0,0,0,0,,锅屋　kɔ³¹³ u³¹³　厨房
24,o 韵,过,kɔ³¹³,kɔ313,超过：走～了,0,0,0,0,,过　kɔ³¹³　超过：走～了
24,o 韵,□,kɔ³⁵,kɔ35,发～：发呆,0,0,0,1,,□　kɔ³⁵　发～：发呆
24,o 韵,□不愣子,kɔ³⁵ pə laŋ⁵⁵ tʂʅ,kɔ35 pə laŋ55 tʂʅ,呆头呆脑的人,0,0,0,1,,□不愣子　kɔ³⁵ pə laŋ⁵⁵ tʂʅ　呆头呆脑的人
24,o 韵,过,kɔ⁵⁵,kɔ55,传染：这病不～人,0,0,0,0,,过　kɔ⁵⁵　传染：这病不～人
24,o 韵,过花,kɔ⁵⁵ xuɑ³¹³,kɔ55 xuɑ313,植物自然授粉,0,0,0,0,,过花　kɔ⁵⁵ xuɑ³¹³　植物自然授粉
24,o 韵,过火,kɔ⁵⁵ xɔ⁴¹,kɔ55 xɔ41,草木灰,0,0,0,0,,过火　kɔ⁵⁵ xɔ⁴¹　草木灰
24,o 韵,过冬,kɔ⁵⁵ tɔŋ³¹³,kɔ55 tɔŋ313,冬至,0,0,0,0,,过冬　kɔ⁵⁵ tɔŋ³¹³　冬至
24,o 韵,窝猪,kʻɔ³¹³ tʂu³¹³,kʻɔ313 tʂu313,老母猪,0,0,0,0,,窝猪　kʻɔ³¹³ tʂu³¹³　老母猪
24,o 韵,可,kʻɔ⁴¹,kʻɔ41,①好：干得好不好？～②很，用在动词、形容词前，表示程度深：～能干了｜～干净了③实在：～受不了啦，痛死啦,0,0,0,0,,可　kʻɔ⁴¹　①好：干得好不好？～②很，用在动词、形容词前，表示程度深：～能干了｜～干净了③实在：～受不了啦，痛死啦
24,o 韵,坷垃,kʻɔ⁴¹ lə,kʻɔ41 lə,小土块,0,0,0,0,,坷垃　kʻɔ⁴¹ lə　小土块
24,o 韵,坷埌,kʻɔ⁴¹ lɑŋ³¹³,kʻɔ41 lɑŋ313,小洼坑：～里有几粒稻子,0,0,0,0,〔双审：第二字=土+良（顶点可辨），原记「塄」订正〕,坷埌〔双审：第二字=土+良（顶点可辨），原记「塄」订正〕　kʻɔ⁴¹ lɑŋ³¹³　小洼坑：～里有几粒稻子
24,o 韵,⿰可攵形字,kʻɔ⁵⁵,kʻɔ55,①机器磨面、碾米：～稻子｜～面②机器破碎：～石子,0,0,0,0,〔双审10x：可+攵，原记「敨」与字形不合；机器磨面义用字待考，照录〕,⿰可攵形字〔双审10x：可+攵，原记「敨」与字形不合；机器磨面义用字待考，照录〕　kʻɔ⁵⁵　①机器磨面、碾米：～稻子｜～面②机器破碎：～石子
24,o 韵,河堆,xɔ³⁵ tei³¹³,xɔ35 tei313,河堤,0,0,0,0,,河堆　xɔ³⁵ tei³¹³　河堤
24,o 韵,何犯于,xɔ³⁵ fæ̃⁵⁵ y³⁵,xɔ35 fæ̃55 y35,不必要，何必,0,0,0,0,,何犯于　xɔ³⁵ fæ̃⁵⁵ y³⁵　不必要，何必
24,o 韵,火烧心,xɔ⁴¹ ʂɔ³¹³ ɕiŋ³¹³,xɔ41 ʂɔ313 ɕiŋ313,急躁的样儿,0,0,0,0,,火烧心　xɔ⁴¹ ʂɔ³¹³ ɕiŋ³¹³　急躁的样儿
24,o 韵,祸秧子,xɔ⁵⁵ iɑŋ³¹³ tʂʅ,xɔ55 iɑŋ313 tʂʅ,流星,0,0,0,0,,祸秧子　xɔ⁵⁵ iɑŋ³¹³ tʂʅ　流星
24,o 韵,捼,ɔ³¹³,ɔ313,弯曲、卷折：绳子～在手里,0,0,0,0,,捼　ɔ³¹³　弯曲、卷折：绳子～在手里
24,o 韵,踒,ɔ³¹³,ɔ313,手、脚筋骨受伤：打球～手指头了,0,0,0,0,,踒　ɔ³¹³　手、脚筋骨受伤：打球～手指头了
24,o 韵,倭瓜,ɔ³¹³ kuɑ³¹³,ɔ313 kuɑ313,南瓜,0,0,0,0,,倭瓜　ɔ³¹³ kuɑ³¹³　南瓜
24,o 韵,屙,ɔ³¹³,ɔ313,～屎,0,0,0,0,,屙　ɔ³¹³　～屎
24,o 韵,莴苣苔子,ɔ³¹³,ɔ313,tei tʻɛ³⁵ tʂʅ　莴苣,0,0,0,0,,莴苣苔子　ɔ³¹³ tei tʻɛ³⁵ tʂʅ　莴苣
24,o 韵,窝丝缠棉,ɔ³¹³ ʂɿ³¹³ tʂʻæ̃³⁵ miɛ̃³⁵,ɔ313 ʂɿ313 tʂʻæ̃35 miɛ̃35,不利索，不果断，纠缠不休的样子,0,0,0,0,,窝丝缠棉　ɔ³¹³ ʂɿ³¹³ tʂʻæ̃³⁵ miɛ̃³⁵　不利索，不果断，纠缠不休的样子
24,ɛ 韵,摆,,,pɛ⁴¹:洗～菜｜～手｜～苹果,0,0,0,0,,摆　pɛ⁴¹:洗～菜｜～手｜～苹果
25,ɛ 韵,败乎,pɛ⁵⁵,pɛ55,xu　损坏：家产～光了,0,0,0,0,,败乎　pɛ⁵⁵ xu　损坏：家产～光了
25,ɛ 韵,败相,pɛ⁵⁵ ɕiɑŋ,pɛ55 ɕiɑŋ,说别人不是，败坏别人声誉,0,0,0,0,,败相　pɛ⁵⁵ ɕiɑŋ　说别人不是，败坏别人声誉
25,ɛ 韵,拜路祭,pɛ⁵⁵ lu⁵⁵ tɕi⁵⁵,pɛ55 lu55 tɕi55,送葬路上的祭奠,0,0,0,0,,拜路祭　pɛ⁵⁵ lu⁵⁵ tɕi⁵⁵　送葬路上的祭奠
25,ɛ 韵,,pʻɛ³¹³,pʻɛ313,猛地坐下：一腚～在地上,0,0,0,0,〔马旁难字，同页11互证〕,〔马旁难字，同页11互证〕　pʻɛ³¹³　猛地坐下：一腚～在地上
25,ɛ 韵,□,pʻɛ³¹³,pʻɛ313,量词：一～牛屎,0,0,0,1,,□　pʻɛ³¹³　量词：一～牛屎
25,ɛ 韵,⿰白最形字,pʻɛ⁴¹,pʻɛ41,踢：～一脚,0,0,0,0,〔双审12x：左旁日/白形（或足旁之劣印），右旁最清晰；踍/跘 候选均排除，踢义用字待考，照录〕,⿰白最形字〔双审12x：左旁日/白形（或足旁之劣印），右旁最清晰；踍/跘 候选均排除，踢义用字待考，照录〕　pʻɛ⁴¹　踢：～一脚
25,ɛ 韵,派,pʻɛ⁵⁵,pʻɛ55,应该：他～来才是｜不～去,0,0,0,0,,派　pʻɛ⁵⁵　应该：他～来才是｜不～去
25,ɛ 韵,派秋风,pʻɛ⁵⁵ tɕʻiəu³¹³ fɑŋ³¹³,pʻɛ55 tɕʻiəu313 fɑŋ313,卖东西的上门摊派,0,0,0,0,,派秋风　pʻɛ⁵⁵ tɕʻiəu³¹³ fɑŋ³¹³　卖东西的上门摊派
25,ɛ 韵,卖呆,mɛ⁵⁵ tɛ³¹³,mɛ55 tɛ313,呆看、发愣,0,0,0,0,,卖呆　mɛ⁵⁵ tɛ³¹³　呆看、发愣
25,ɛ 韵,□,tɛ⁴¹,tɛ41,用小船渡人过河：～河,0,0,0,1,,□　tɛ⁴¹　用小船渡人过河：～河
25,ɛ 韵,逮瞎子,tɛ⁴¹ ɕiɑ³¹³ tʂʅ,tɛ41 ɕiɑ313 tʂʅ,丢手帕的游戏,0,0,0,0,〔双审10x：辶+隶=逮 确认〕,逮瞎子〔双审10x：辶+隶=逮 确认〕　tɛ⁴¹ ɕiɑ³¹³ tʂʅ　丢手帕的游戏
25,ɛ 韵,逮惩,tɛ⁴¹ tʂʻəŋ³⁵,tɛ41 tʂʻəŋ35,批评、大声喝叱：～人,0,0,0,0,,逮惩　tɛ⁴¹ tʂʻəŋ³⁵　批评、大声喝叱：～人
25,ɛ 韵,代,tɛ⁴¹,tɛ41,替　给：凭啥～他家干的,0,0,0,0,,代　tɛ⁴¹　替　给：凭啥～他家干的
25,ɛ 韵,带,tɛ⁵⁵,tɛ55,①看护：～小孩②跟、和：不～你玩③许可：光讲不～骂人的④关：临走～上门⑤家畜怀仔：～牛｜～羊｜～兔子,0,0,0,0,,带　tɛ⁵⁵　①看护：～小孩②跟、和：不～你玩③许可：光讲不～骂人的④关：临走～上门⑤家畜怀仔：～牛｜～羊｜～兔子
25,ɛ 韵,带肚子,tɛ⁵⁵ tu⁵⁵ tʂʅ,tɛ55 tu55 tʂʅ,怀孕,0,0,0,0,,带肚子　tɛ⁵⁵ tu⁵⁵ tʂʅ　怀孕
25,ɛ 韵,带肚女人,tɛ⁵⁵ tu⁵⁵ ly⁴¹ z̩əŋ³⁵,tɛ55 tu55 ly41 z̩əŋ35,孕妇,0,0,0,0,,带肚女人　tɛ⁵⁵ tu⁵⁵ ly⁴¹ z̩əŋ³⁵　孕妇
25,ɛ 韵,带女人,tɛ⁵⁵ ly⁴¹ z̩əŋ³⁵,tɛ55 ly41 z̩əŋ35,娶妻,0,0,0,0,,带女人　tɛ⁵⁵ ly⁴¹ z̩əŋ³⁵　娶妻
25,ɛ 韵,带新娘子,tɛ⁵⁵ ɕiŋ³¹³ liɑŋ³⁵ tʂʅ,tɛ55 ɕiŋ313 liɑŋ35 tʂʅ,,0,0,0,0,,带新娘子　tɛ⁵⁵ ɕiŋ³¹³ liɑŋ³⁵ tʂʅ
25,ɛ 韵,带媳子,tɛ⁵⁵ ɕiɪ¹³ tʂʅ,tɛ55 ɕiɪ13 tʂʅ,,0,0,0,0,,带媳子　tɛ⁵⁵ ɕiɪ¹³ tʂʅ
25,ɛ 韵,带宝,tɛ⁵⁵ pɔ⁴¹,tɛ55 pɔ41,赌博的一种方法,0,0,0,0,,带宝　tɛ⁵⁵ pɔ⁴¹　赌博的一种方法
25,ɛ 韵,太爹,tʻɛ⁵⁵ tɪ³¹³,tʻɛ55 tɪ313,曾祖父,0,0,0,0,,太爹　tʻɛ⁵⁵ tɪ³¹³　曾祖父
25,ɛ 韵,太奶,tʻɛ⁵⁵ lɛ⁴¹,tʻɛ55 lɛ41,曾祖母,0,0,0,0,,太奶　tʻɛ⁵⁵ lɛ⁴¹　曾祖母
25,ɛ 韵,太阴,tʻɛ⁵⁵ iŋ³¹³,tʻɛ55 iŋ313,太阳,0,0,0,0,,太阴　tʻɛ⁵⁵ iŋ³¹³　太阳
25,ɛ 韵,太阴地,tʻɛ⁵⁵ iŋ³¹³ ti⁵⁵,tʻɛ55 iŋ313 ti55,阳光照到的地方,0,0,0,0,,太阴地　tʻɛ⁵⁵ iŋ³¹³ ti⁵⁵　阳光照到的地方
25,ɛ 韵,太阴白,tʻɛ⁵⁵ iŋ³¹³ pə¹³,tʻɛ55 iŋ313 pə13,太阳穴,0,0,0,0,,太阴白　tʻɛ⁵⁵ iŋ³¹³ pə¹³　太阳穴
25,ɛ 韵,奶帮子,lɛ⁴¹ pɑŋ³¹³ tʂʅ,lɛ41 pɑŋ313 tʂʅ,乳房的外围,0,0,0,0,,奶帮子　lɛ⁴¹ pɑŋ³¹³ tʂʅ　乳房的外围
25,ɛ 韵,来,lɛ³⁵,lɛ35,①玩：～扑克｜～墙蹦②遗：～尿,0,0,0,0,,来　lɛ³⁵　①玩：～扑克｜～墙蹦②遗：～尿
25,ɛ 韵,耐心烦,lɛ⁵⁵ ɕiŋ³¹³ fæ̃³⁵,lɛ55 ɕiŋ313 fæ̃35,耐心,0,0,0,0,,耐心烦　lɛ⁵⁵ ɕiŋ³¹³ fæ̃³⁵　耐心
25,ɛ 韵,癞葡萄,lɛ⁵⁵ pʻu³⁵ tʻɔ³⁵,lɛ55 pʻu35 tʻɔ35,苦瓜,0,0,0,0,,癞葡萄　lɛ⁵⁵ pʻu³⁵ tʻɔ³⁵　苦瓜
25,ɛ 韵,癞蛄子,lɛ⁵⁵ ku³⁵ tʂʅ,lɛ55 ku35 tʂʅ,蛤蟆,0,0,0,0,,癞蛄子　lɛ⁵⁵ ku³⁵ tʂʅ　蛤蟆
25,ɛ 韵,癞蛄浆,lɛ⁵⁵ ku³⁵ tɕiɑŋ³¹³,lɛ55 ku35 tɕiɑŋ313,蝌蚪,0,0,0,0,,癞蛄浆　lɛ⁵⁵ ku³⁵ tɕiɑŋ³¹³　蝌蚪
25,ɛ 韵,癞乌子,lɛ⁵⁵ u³¹³,lɛ55 u313,tʂʅ〔双审：原书该条无释义（非漏录）〕,0,0,0,0,,癞乌子　lɛ⁵⁵ u³¹³ tʂʅ〔双审：原书该条无释义（非漏录）〕
25,ɛ 韵,癞蛙子,lɛ⁵⁵ uɛ³⁵ tʂʅ,lɛ55 uɛ35 tʂʅ,青蛙,0,0,0,0,,癞蛙子　lɛ⁵⁵ uɛ³⁵ tʂʅ　青蛙
25,ɛ 韵,癞雕子,lɛ⁵⁵ tiɔ³¹³ tʂʅ,lɛ55 tiɔ313 tʂʅ,老鹰,0,0,0,0,,癞雕子　lɛ⁵⁵ tiɔ³¹³ tʂʅ　老鹰
25,ɛ 韵,栽花,tʂɛ³¹³ xuɑ³¹³,tʂɛ313 xuɑ313,种痘,0,0,0,0,,栽花　tʂɛ³¹³ xuɑ³¹³　种痘
25,ɛ 韵,□,tʂɛ⁵⁵,tʂɛ55,用清水冲洗一下：碗洗过了再～～,0,0,0,1,,□　tʂɛ⁵⁵　用清水冲洗一下：碗洗过了再～～
25,ɛ 韵,在以早,tʂɛ⁵⁵ i³¹³ tʂɔ⁴¹,tʂɛ55 i313 tʂɔ41,从前,0,0,0,0,,在以早　tʂɛ⁵⁵ i³¹³ tʂɔ⁴¹　从前
25,ɛ 韵,在早,tʂɛ⁵⁵ tʂɔ⁴¹,tʂɛ55 tʂɔ41,,0,0,0,0,,在早　tʂɛ⁵⁵ tʂɔ⁴¹
25,ɛ 韵,□,tʂʻɛ³¹³,tʂʻɛ313,①嫁接：～梨②杂交：～驴,0,0,0,1,,□　tʂʻɛ³¹³　①嫁接：～梨②杂交：～驴
25,ɛ 韵,才,tʂʻɛ³⁵,tʂʻɛ35,非常：这人～喜欢孩子啦,0,0,0,0,,才　tʂʻɛ³⁵　非常：这人～喜欢孩子啦
25,ɛ 韵,才刚,tʂʻɛ³⁵ tɕiɑŋ³¹³,tʂʻɛ35 tɕiɑŋ313,刚才：～来｜～还在这里,0,0,0,0,,才刚　tʂʻɛ³⁵ tɕiɑŋ³¹³　刚才：～来｜～还在这里
25,ɛ 韵,柴,tʂʻɛ³⁵,tʂʻɛ35,芦苇,0,0,0,0,,柴　tʂʻɛ³⁵　芦苇
25,ɛ 韵,柴,tʂʻɛ³⁵,tʂʻɛ35,干枯、硬：手很～,0,0,0,0,,柴　tʂʻɛ³⁵　干枯、硬：手很～
25,ɛ 韵,柴楞楞,tʂʻɛ³⁵ ləŋ⁵⁵,tʂʻɛ35 ləŋ55,ləŋ⁵⁵〔双审：原书该条无释义（非漏录）〕,0,0,0,0,,柴楞楞　tʂʻɛ³⁵ ləŋ⁵⁵ ləŋ⁵⁵〔双审：原书该条无释义（非漏录）〕
25,ɛ 韵,踩,tʂʻɛ⁴¹,tʂʻɛ41,象棋用语，吃子：马～炮,0,0,0,0,,踩　tʂʻɛ⁴¹　象棋用语，吃子：马～炮
25,ɛ 韵,腮脑,ʂɛ³¹³ lɔ⁴¹,ʂɛ313 lɔ41,腮腺炎引起的脑膜炎,0,0,0,0,,腮脑　ʂɛ³¹³ lɔ⁴¹　腮腺炎引起的脑膜炎
25,ɛ 韵,腮盘子,ʂɛ³¹³ pʻõ³⁵ tʂʅ,ʂɛ313 pʻõ35 tʂʅ,腮帮子,0,0,0,0,,腮盘子　ʂɛ³¹³ pʻõ³⁵ tʂʅ　腮帮子
25,ɛ 韵,该派,kɛ³¹³ pʻɛ⁵⁵,kɛ313 pʻɛ55,应该：～你来你不来,0,0,0,0,,该派　kɛ³¹³ pʻɛ⁵⁵　应该：～你来你不来
25,ɛ 韵,该败,kɛ³¹³ pɛ⁵⁵,kɛ313 pɛ55,妇女口头语，表示不满意,0,0,0,0,,该败　kɛ³¹³ pɛ⁵⁵　妇女口头语，表示不满意
25,ɛ 韵,解怀,kɛ⁴¹ xuɛ³⁵,kɛ41 xuɛ35,妇女初次生孩子,0,0,0,0,,解怀　kɛ⁴¹ xuɛ³⁵　妇女初次生孩子
25,ɛ 韵,改饶,kɛ⁴¹ z̩ɔ³⁵,kɛ41 z̩ɔ35,讨饶并表示改正,0,0,0,0,,改饶　kɛ⁴¹ z̩ɔ³⁵　讨饶并表示改正
25,ɛ 韵,开,kʻɛ³¹³,kʻɛ313,批发：～苹果,0,0,0,0,,开　kʻɛ³¹³　批发：～苹果
25,ɛ 韵,开支,kʻɛ³¹³ tʂʅ³¹³,kʻɛ313 tʂʅ313,发工资,0,0,0,0,,开支　kʻɛ³¹³ tʂʅ³¹³　发工资
25,ɛ 韵,开味,kʻɛ³¹³ uei⁵⁵,kʻɛ313 uei55,开玩笑,0,0,0,0,,开味　kʻɛ³¹³ uei⁵⁵　开玩笑
25,ɛ 韵,揩,kʻɛ³¹³,kʻɛ313,～桌子,0,0,0,0,,揩　kʻɛ³¹³　～桌子
25,ɛ 韵,揩屁纸,kʻɛ³¹³ pʻi⁵⁵ tʂʅ,kʻɛ313 pʻi55 tʂʅ,手纸,0,0,0,0,,揩屁纸　kʻɛ³¹³ pʻi⁵⁵ tʂʅ　手纸
25,ɛ 韵,□奸,kʻɛ³¹³ tɕiæ̃³¹³,kʻɛ313 tɕiæ̃313,不合作、刁难人,0,0,0,1,,□奸　kʻɛ³¹³ tɕiæ̃³¹³　不合作、刁难人
25,ɛ 韵,□奸摸滑,kʻɛ³¹³ tɕiæ̃³¹³ mə¹³ xue¹³,kʻɛ313 tɕiæ̃313 mə13 xue13,为人滑头,0,0,0,1,,□奸摸滑　kʻɛ³¹³ tɕiæ̃³¹³ mə¹³ xue¹³　为人滑头
25,ɛ 韵,□,kʻɛ⁵⁵,kʻɛ55,推诿：莫～，该干得干,0,0,0,1,,□　kʻɛ⁵⁵　推诿：莫～，该干得干
25,ɛ 韵,□逮手,xɛ³¹³ tɛ⁴¹ ʂəu⁴¹,xɛ313 tɛ41 ʂəu41,手〔小偷义，同页11互证〕,0,0,0,1,,□逮手　xɛ³¹³ tɛ⁴¹ ʂəu⁴¹　手〔小偷义，同页11互证〕
25,ɛ 韵,海,xɛ⁴¹,xɛ41,坏了、遭了：给弄～了,0,0,0,0,,海　xɛ⁴¹　坏了、遭了：给弄～了
25,ɛ 韵,海台了,xɛ⁴¹ tʻɛ³⁵ lə,xɛ41 tʻɛ35 lə,,0,0,0,0,,海台了　xɛ⁴¹ tʻɛ³⁵ lə
25,ɛ 韵,海得了,xɛ⁴¹ tə lə,xɛ41 tə lə,,0,0,0,0,,海得了　xɛ⁴¹ tə lə
25,ɛ 韵,海英菜,xɛ⁴¹ iŋ³⁵ tʂɛ⁵⁵,xɛ41 iŋ35 tʂɛ55,盐地碱蓬，生长在沿海的荒野，可食,0,0,0,0,,海英菜　xɛ⁴¹ iŋ³⁵ tʂɛ⁵⁵　盐地碱蓬，生长在沿海的荒野，可食
26,ɛ 韵（收尾）,害伢子,xɛ⁵⁵ iɑ³⁵ tʂʅ,xɛ55 iɑ35 tʂʅ,妊娠反应,0,0,0,0,,害伢子　xɛ⁵⁵ iɑ³⁵ tʂʅ　妊娠反应
26,ɛ 韵（收尾）,害孩子,xɛ⁵⁵ xɛ⁵⁵ tʂʅ,xɛ55 xɛ55 tʂʅ,,0,0,0,0,,害孩子　xɛ⁵⁵ xɛ⁵⁵ tʂʅ
26,ɛ 韵（收尾）,害汗病,xɛ⁵⁵ xæ̃⁵⁵ piŋ⁵⁵,xɛ55 xæ̃55 piŋ55,伤寒,0,0,0,0,,害汗病　xɛ⁵⁵ xæ̃⁵⁵ piŋ⁵⁵　伤寒
26,ɛ 韵（收尾）,挨号,ɛ³¹³ xɔ⁵⁵,ɛ313 xɔ55,排队,0,0,0,0,,挨号　ɛ³¹³ xɔ⁵⁵　排队
26,ɛ 韵（收尾）,儿狗,ɛ³⁵ kəu⁴¹,ɛ35 kəu41,公狗,0,0,0,0,,儿狗　ɛ³⁵ kəu⁴¹　公狗
26,ɛ 韵（收尾）,挨,ɛ³⁵,ɛ35,被：～他拿出去了〔被动标记，与字汇页10□被互证〕,0,0,0,0,,挨　ɛ³⁵　被：～他拿出去了〔被动标记，与字汇页10□被互证〕
26,ɛ 韵（收尾）,耳挖子,ɛ⁴¹ uɑ³¹³ tʂʅ,ɛ41 uɑ313 tʂʅ,掏耳垢的工具,0,0,0,0,,耳挖子　ɛ⁴¹ uɑ³¹³ tʂʅ　掏耳垢的工具
26,ɛ 韵（收尾）,耳哨子,ɛ⁴¹ ʂɔ⁵⁵ tʂʅ,ɛ41 ʂɔ55 tʂʅ,耳垢,0,0,0,0,,耳哨子　ɛ⁴¹ ʂɔ⁵⁵ tʂʅ　耳垢
26,ɛ 韵（收尾）,耳眼子,ɛ⁴¹ iæ̃⁴¹ tʂʅ,ɛ41 iæ̃41 tʂʅ,耳孔,0,0,0,0,,耳眼子　ɛ⁴¹ iæ̃⁴¹ tʂʅ　耳孔
26,ɛ 韵（收尾）,耳圈子,ɛ⁴¹ tɕyõ³¹³ tʂʅ,ɛ41 tɕyõ313 tʂʅ,耳环,0,0,0,0,,耳圈子　ɛ⁴¹ tɕyõ³¹³ tʂʅ　耳环
26,ɛ 韵（收尾）,耳性,ɛ⁴¹ ɕiŋ⁵⁵,ɛ41 ɕiŋ55,记性：人老了～不好,0,0,0,0,,耳性　ɛ⁴¹ ɕiŋ⁵⁵　记性：人老了～不好
26,ɛ 韵（收尾）,唉嗝,ɛ⁵⁵ kə,ɛ55 kə,打嗝,0,0,0,0,,唉嗝　ɛ⁵⁵ kə　打嗝
26,ɛ 韵（收尾）,二尾子,ɛ⁵⁵ i⁴¹ tʂʅ,ɛ55 i41 tʂʅ,阴阳人,0,0,0,0,,二尾子　ɛ⁵⁵ i⁴¹ tʂʅ　阴阳人
26,ɛ 韵（收尾）,二五抹塌,ɛ⁵⁵ u⁴¹ mɛ¹³ tʻə¹³,ɛ55 u41 mɛ13 tʻə13,做事马虎,0,0,0,0,,二五抹塌　ɛ⁵⁵ u⁴¹ mɛ¹³ tʻə¹³　做事马虎
26,ɛ 韵（收尾）,二半溜子,ɛ⁵⁵ põ⁵⁵ liəu³¹³ tʂʅ,ɛ55 põ55 liəu313 tʂʅ,不大不小的,0,0,0,0,,二半溜子　ɛ⁵⁵ põ⁵⁵ liəu³¹³ tʂʅ　不大不小的
26,ɛ 韵（收尾）,二半吊子,ɛ⁵⁵ põ⁵⁵ tiɔ⁵⁵ tʂʅ,ɛ55 põ55 tiɔ55 tʂʅ,手艺不精的人,0,0,0,0,,二半吊子　ɛ⁵⁵ põ⁵⁵ tiɔ⁵⁵ tʂʅ　手艺不精的人
26,ɛ 韵（收尾）,二伏,ɛ⁵⁵ fu³⁵,ɛ55 fu35,中伏：头伏萝卜～菜,0,0,0,0,,二伏　ɛ⁵⁵ fu³⁵　中伏：头伏萝卜～菜
26,ɛ 韵（收尾）,,kue⁵⁵,kue55,挎：～着书包,0,0,0,0,〔复杂字形字，13x：上横+竖、中部皿/臼形、右下双钩（近虱/毁形），非鼠旁；本字待考照录〕 〔页15互证〕,〔复杂字形字，13x：上横+竖、中部皿/臼形、右下双钩（近虱/毁形），非鼠旁；本字待考照录〕〔页15互证〕　kue⁵⁵　挎：～着书包
26,ɛ 韵（收尾）,块,kue⁵⁵,kue55,地方：这～｜那～,0,0,0,0,,块　kue⁵⁵　地方：这～｜那～
26,ɛ 韵（收尾）,块丁,kʻue⁵⁵ tiŋ³¹³,kʻue55 tiŋ313,,0,0,0,0,,块丁　kʻue⁵⁵ tiŋ³¹³
26,ɛ 韵（收尾）,怀子,xue³⁵ tʂʅ,xue35 tʂʅ,怀孕,0,0,0,0,,怀子　xue³⁵ tʂʅ　怀孕
26,ɛ 韵（收尾）,蛙子,ue³⁵ tʂʅ,ue35 tʂʅ,青蛙,0,0,0,0,,蛙子　ue³⁵ tʂʅ　青蛙
26,ɛ 韵（收尾）,歪歪,ue³¹³ ue³¹³,ue313 ue313,河蚌,0,0,0,0,,歪歪　ue³¹³ ue³¹³　河蚌
26,ɛ 韵（收尾）,歪嘴料,ue³¹³ tɕei⁴¹ liɔ⁵⁵,ue313 tɕei41 liɔ55,嘴巧而不正干的人,0,0,0,0,,歪嘴料　ue³¹³ tɕei⁴¹ liɔ⁵⁵　嘴巧而不正干的人
26,ɛ 韵（收尾）,□,ue³⁵,ue35,坐在地上挪：～过来,0,0,0,1,,□　ue³⁵　坐在地上挪：～过来
26,ɛ 韵（收尾）,踒,ue⁴¹,ue41,扭伤脚〔页17互证〕,0,0,0,0,,踒　ue⁴¹　扭伤脚〔页17互证〕
26,iɛ 韵,皆,tɕiɛ³¹³,tɕiɛ313,大家～如此,0,0,0,0,,皆　tɕiɛ³¹³　大家～如此
26,iɛ 韵,街滑子,tɕiɛ³¹³ xue¹³ tʂʅ,tɕiɛ313 xue13 tʂʅ,城镇中游手好闲，经常在街市上鬼混的人,0,0,0,0,,街滑子　tɕiɛ³¹³ xue¹³ tʂʅ　城镇中游手好闲，经常在街市上鬼混的人
26,iɛ 韵,戒棒,tɕiɛ⁵⁵ pɑŋ⁵⁵,tɕiɛ55 pɑŋ55,戒尺,0,0,0,0,,戒棒　tɕiɛ⁵⁵ pɑŋ⁵⁵　戒尺
26,uɛ 韵,拽□,tʂue³¹³,tʂue313,tu　态度生硬地拉扯摇晃：莫～孩子,0,0,0,1,,拽□　tʂue³¹³ tu　态度生硬地拉扯摇晃：莫～孩子
26,uɛ 韵,跩,tʂue⁴¹,tʂue41,拐：～过来,0,0,0,0,〔双审12x：足+曳 确认〕,跩〔双审12x：足+曳 确认〕　tʂue⁴¹　拐：～过来
26,uɛ 韵,撅,tʂʻue³¹³,tʂʻue313,①揉：～面②打：～他两下,0,0,0,0,〔双审12x：扌+厥 确认〕,撅〔双审12x：扌+厥 确认〕　tʂʻue³¹³　①揉：～面②打：～他两下
26,uɛ 韵,揣奸摸滑,tʂʻue³¹³ tɕiɛ̃³¹³ pə¹³ xue¹³,tʂʻue313 tɕiɛ̃313 pə13 xue13,想方设法偷懒,0,0,0,0,,揣奸摸滑　tʂʻue³¹³ tɕiɛ̃³¹³ pə¹³ xue¹³　想方设法偷懒
26,uɛ 韵,⿰白最形字,tʂʻue⁵⁵,tʂʻue55,粗蠢：～碓,0,0,0,0,〔双审12x：白+最，嘬（口旁）排除；同形字亦见页25踢义词头，用字待考照录〕,⿰白最形字〔双审12x：白+最，嘬（口旁）排除；同形字亦见页25踢义词头，用字待考照录〕　tʂʻue⁵⁵　粗蠢：～碓
26,uɛ 韵,甩,ʂue⁴¹,ʂue41,无能、没本事：～子,0,0,0,0,,甩　ʂue⁴¹　无能、没本事：～子
26,uɛ 韵,□,kue³¹³,kue313,碰、打：瓶子～打了｜莫～他,0,0,0,1,,□　kue³¹³　碰、打：瓶子～打了｜莫～他
26,uɛ 韵,拐磨花,kue⁴¹ mɔ⁵⁵ xuɑ³¹³,kue41 mɔ55 xuɑ313,矮牵牛花,0,0,0,0,,拐磨花　kue⁴¹ mɔ⁵⁵ xuɑ³¹³　矮牵牛花
26,uɛ 韵,拐旮旯,kue⁴¹ kɑ³¹³ lɑ³¹³,kue41 kɑ313 lɑ313,拐弯处,0,0,0,0,,拐旮旯　kue⁴¹ kɑ³¹³ lɑ³¹³　拐弯处
26,uɛ 韵,拐角,kue⁴¹ kuə¹³,kue41 kuə13,,0,0,0,0,,拐角　kue⁴¹ kuə¹³
26,ei 韵,□,pei⁴¹,pei41,拨：～面疙瘩｜莫把菜都～给我,0,0,0,1,,□　pei⁴¹　拨：～面疙瘩｜莫把菜都～给我
26,ei 韵,赔似,pei³⁵ ʂɿ,pei35 ʂɿ,赔嫁,0,0,0,0,,赔似　pei³⁵ ʂɿ　赔嫁
26,ei 韵,媒八嘴,mei³⁵ pə¹³ tɕei⁴¹,mei35 pə13 tɕei41,媒婆,0,0,0,0,,媒八嘴　mei³⁵ pə¹³ tɕei⁴¹　媒婆
26,ei 韵,谜子,mei³⁵ tʂʅ,mei35 tʂʅ,头脑不清醒的人,0,0,0,0,,谜子　mei³⁵ tʂʅ　头脑不清醒的人
26,ei 韵,莓豆,mei³⁵ təu⁵⁵,mei35 təu55,芸豆,0,0,0,0,,莓豆　mei³⁵ təu⁵⁵　芸豆
26,ei 韵,眉毛箍,mei³⁵ mɔ³⁵ ku³¹³,mei35 mɔ35 ku313,刘海儿,0,0,0,0,,眉毛箍　mei³⁵ mɔ³⁵ ku³¹³　刘海儿
26,ei 韵,眉中,mei³⁵ tʂəŋ³¹³,mei35 tʂəŋ313,人中,0,0,0,0,,眉中　mei³⁵ tʂəŋ³¹³　人中
26,ei 韵,飞子,fei³¹³ tʂʅ,fei313 tʂʅ,交钱后得到的作为购物凭证用的纸牌、木牌,0,0,0,0,,飞子　fei³¹³ tʂʅ　交钱后得到的作为购物凭证用的纸牌、木牌
26,ei 韵,肺头子,fei⁵⁵ tʻəu³⁵ tʂʅ,fei55 tʻəu35 tʂʅ,肺,0,0,0,0,,肺头子　fei⁵⁵ tʻəu³⁵ tʂʅ　肺
26,ei 韵,□,tei⁴¹,tei41,咳嗽,0,0,0,1,,□　tei⁴¹　咳嗽
26,ei 韵,兑,tei⁵⁵,tei55,冲帐,0,0,0,0,,兑　tei⁵⁵　冲帐
26,ei 韵,对把,tei⁵⁵ pɑ⁴¹,tei55 pɑ41,手艺或势力相当,0,0,0,0,,对把　tei⁵⁵ pɑ⁴¹　手艺或势力相当
26,ei 韵,对虾驹子,tei⁵⁵ ɕiɑ³¹³ tɕy³¹³ tʂʅ,tei55 ɕiɑ313 tɕy313 tʂʅ,小对虾,0,0,0,0,,对虾驹子　tei⁵⁵ ɕiɑ³¹³ tɕy³¹³ tʂʅ　小对虾
26,ei 韵,对味,tei⁵⁵ uei⁵⁵,tei55 uei55,脾气相投,0,0,0,0,,对味　tei⁵⁵ uei⁵⁵　脾气相投
26,ei 韵,对眼,tei⁵⁵,tei55,iæ̃⁴¹〔双审：原书该条无释义（非漏录）〕,0,0,0,0,,对眼　tei⁵⁵ iæ̃⁴¹〔双审：原书该条无释义（非漏录）〕
26,ei 韵,推死,tei³¹³ ʂɿ⁴¹,tei313 ʂɿ41,在有事时装病,0,0,0,0,,推死　tei³¹³ ʂɿ⁴¹　在有事时装病
26,ei 韵,推故,tei³¹³ ku⁵⁵,tei313 ku55,找借口有个小病～不上学,0,0,0,0,,推故　tei³¹³ ku⁵⁵　找借口有个小病～不上学
26,ei 韵,腿胫骨,tei⁴¹ tɕiŋ⁵⁵ kuə¹³,tei41 tɕiŋ55 kuə13,膁骨,0,0,0,0,,腿胫骨　tei⁴¹ tɕiŋ⁵⁵ kuə¹³　膁骨
26,ei 韵,嘴头子,tɕei⁴¹ tʻəu³⁵ tʂʅ,tɕei41 tʻəu35 tʂʅ,①口才②嘴巴,0,0,0,0,,嘴头子　tɕei⁴¹ tʻəu³⁵ tʂʅ　①口才②嘴巴
26,ei 韵,醉酣子,tɕei⁵⁵ xæ̃³¹³ tʂʅ,tɕei55 xæ̃313 tʂʅ,酒喝醉了的人,0,0,0,0,〔双审12x：第二字=酉+甘=酣，酢排除；音义合〕,醉酣子〔双审12x：第二字=酉+甘=酣，酢排除；音义合〕　tɕei⁵⁵ xæ̃³¹³ tʂʅ　酒喝醉了的人
26,ei 韵,扯布,tʂʻei⁴¹ pu⁵⁵,tʂʻei41 pu55,买布,0,0,0,0,,扯布　tʂʻei⁴¹ pu⁵⁵　买布
27,ei 韵（收尾）,随,ʂei³⁵,ʂei35,相像：长得～他老子,0,0,0,0,,随　ʂei³⁵　相像：长得～他老子
27,ei 韵（收尾）,缏,ʂei⁴¹,ʂei41,布边散开〔与字汇页12 缏互证〕,0,0,0,0,,缏　ʂei⁴¹　布边散开〔与字汇页12 缏互证〕
27,ei 韵（收尾）,碎碎叨叨,ʂei⁵⁵ ʂei⁵⁵ tɔ³¹³ tɔ³¹³,ʂei55 ʂei55 tɔ313 tɔ313,碎嘴子,0,0,0,0,,碎碎叨叨　ʂei⁵⁵ ʂei⁵⁵ tɔ³¹³ tɔ³¹³　碎嘴子
27,ei 韵（收尾）,碎嘴碎舌,ʂei⁵⁵ tɕei⁴¹ ʂei⁵⁵ ʂə¹³,ʂei55 tɕei41 ʂei55 ʂə13,,0,0,0,0,,碎嘴碎舌　ʂei⁵⁵ tɕei⁴¹ ʂei⁵⁵ ʂə¹³
27,uei 韵,水,ʂuei⁴¹,ʂuei41,①虚假：他的话～太大②哄骗、用好听的谎话使人上当入圈套：给他～倒了,0,0,0,0,,水　ʂuei⁴¹　①虚假：他的话～太大②哄骗、用好听的谎话使人上当入圈套：给他～倒了
27,uei 韵,水臌病,ʂuei⁴¹ ku⁴¹ piŋ⁵⁵,ʂuei41 ku41 piŋ55,肾炎,0,0,0,0,,水臌病　ʂuei⁴¹ ku⁴¹ piŋ⁵⁵　肾炎
27,uei 韵,水焐子,ʂuei⁴¹ u⁵⁵ tʂʅ,ʂuei41 u55 tʂʅ,冬天装热水焐被窝的铜器，扁圆形,0,0,0,0,,水焐子　ʂuei⁴¹ u⁵⁵ tʂʅ　冬天装热水焐被窝的铜器，扁圆形
27,uei 韵,水眼,ʂuei⁴¹ iæ̃⁴¹,ʂuei41 iæ̃41,泉眼,0,0,0,0,,水眼　ʂuei⁴¹ iæ̃⁴¹　泉眼
27,uei 韵,归功,kuei³¹³ koŋ³¹³,kuei313 koŋ313,行、合适：这样不～｜不打不～｜这事怎～,0,0,0,0,,归功　kuei³¹³ koŋ³¹³　行、合适：这样不～｜不打不～｜这事怎～
27,uei 韵,龟,kuei³¹³,kuei313,驼背：～腰｜腰～了,0,0,0,0,,龟　kuei³¹³　驼背：～腰｜腰～了
27,uei 韵,龟腰子,kuei³¹³ iɔ³¹³ tʂʅ,kuei313 iɔ313 tʂʅ,驼背的人,0,0,0,0,,龟腰子　kuei³¹³ iɔ³¹³ tʂʅ　驼背的人
27,uei 韵,龟腰虫,kuei³¹³ iɔ³¹³ tʂʻoŋ³⁵,kuei313 iɔ313 tʂʻoŋ35,尺蠖,0,0,0,0,,龟腰虫　kuei³¹³ iɔ³¹³ tʂʻoŋ³⁵　尺蠖
27,uei 韵,鬼打墙,kuei⁴¹ tɑ⁴¹ tɕiɑŋ³⁵,kuei41 tɑ41 tɕiɑŋ35,夜里迷路,0,0,0,0,,鬼打墙　kuei⁴¹ tɑ⁴¹ tɕiɑŋ³⁵　夜里迷路
27,uei 韵,鬼风,kuei⁴¹ fəŋ³¹³,kuei41 fəŋ313,旋风,0,0,0,0,,鬼风　kuei⁴¹ fəŋ³¹³　旋风
27,uei 韵,灰条菜,xuei³¹³ tiɔ³⁵ tʂʻɛ⁵⁵,xuei313 tiɔ35 tʂʻɛ55,灰灰菜,0,0,0,0,,灰条菜　xuei³¹³ tiɔ³⁵ tʂʻɛ⁵⁵　灰灰菜
27,uei 韵,毁了,xuei⁴¹ lə,xuei41 lə,糟了：～，做不成了,0,0,0,0,,毁了　xuei⁴¹ lə　糟了：～，做不成了
27,uei 韵,会谅,xuei⁵⁵ liɑŋ⁵⁵,xuei55 liɑŋ55,醒悟,0,0,0,0,,会谅　xuei⁵⁵ liɑŋ⁵⁵　醒悟
27,uei 韵,煨罐子,uei³¹³ kõ⁵⁵ tʂʅ,uei313 kõ55 tʂʅ,放在灶堂炖热水的陶罐,0,0,0,0,,煨罐子　uei³¹³ kõ⁵⁵ tʂʅ　放在灶堂炖热水的陶罐
27,uei 韵,戗缝??,uei³¹³ fəŋ⁵⁵,uei313 fəŋ55,用水泥把砖、石墙的缝涂起来,0,0,0,0,,戗缝??　uei³¹³ fəŋ⁵⁵　用水泥把砖、石墙的缝涂起来
27,uei 韵,圩沟,uei³⁵ kəu³¹³,uei35 kəu313,田野的排水沟,0,0,0,0,,圩沟　uei³⁵ kəu³¹³　田野的排水沟
27,uei 韵,圩堆,uei³⁵ tei³¹³,uei35 tei313,河、沟的堤坝,0,0,0,0,,圩堆　uei³⁵ tei³¹³　河、沟的堤坝
27,uei 韵,卫计,uei⁵⁵ tɕi,uei55 tɕi,爱护、照顾,0,0,0,0,,卫计　uei⁵⁵ tɕi　爱护、照顾
27,uei 韵,为,uei⁵⁵,uei55,因为：两人没～什么就吵起来了,0,0,0,0,,为　uei⁵⁵　因为：两人没～什么就吵起来了
27,ɔ 韵,包菜,pɔ³¹³ tʂʻɛ⁵⁵,pɔ313 tʂʻɛ55,结球甘蓝,0,0,0,0,,包菜　pɔ³¹³ tʂʻɛ⁵⁵　结球甘蓝
27,ɔ 韵,龅牙,pɔ⁵⁵ iɑ³⁵,pɔ55 iɑ35,过大的犬齿,0,0,0,0,,龅牙　pɔ⁵⁵ iɑ³⁵　过大的犬齿
27,ɔ 韵,刨子,pɔ⁵⁵ tʂʅ,pɔ55 tʂʅ,磉床,0,0,0,0,,刨子　pɔ⁵⁵ tʂʅ　磉床
27,ɔ 韵,刨屑子,pɔ⁵⁵ ɕyə¹³ tʂʅ,pɔ55 ɕyə13 tʂʅ,刨花儿,0,0,0,0,,刨屑子　pɔ⁵⁵ ɕyə¹³ tʂʅ　刨花儿
27,ɔ 韵,抛散,pʻɔ³¹³ sɑ,pʻɔ313 sɑ,浪费，糟踏,0,0,0,0,,抛散　pʻɔ³¹³ sɑ　浪费，糟踏
27,ɔ 韵,刨,pʻɔ³⁵,pʻɔ35,除：～去老本，净苦三千,0,0,0,0,,刨　pʻɔ³⁵　除：～去老本，净苦三千
27,ɔ 韵,⿱小皿形字,mɔ³¹³,mɔ313,与侉音相对的口音：淮阴～｜扬州～子｜南～北侉,0,0,0,0,〔双审13x：上似小+一、下皿；蛮/侬候选均不合，用字待考照录〕,⿱小皿形字〔双审13x：上似小+一、下皿；蛮/侬候选均不合，用字待考照录〕　mɔ³¹³　与侉音相对的口音：淮阴～｜扬州～子｜南～北侉
27,ɔ 韵,□,mɔ³¹³,mɔ313,①超过：走～了，快回头②往：～高处打,0,0,0,1,,□　mɔ³¹³　①超过：走～了，快回头②往：～高处打
27,ɔ 韵,毛,mɔ³⁵,mɔ35,①惊慌、发愣②恼怒：别发～，消消气,0,0,0,0,,毛　mɔ³⁵　①惊慌、发愣②恼怒：别发～，消消气
27,ɔ 韵,毛窝子,mɔ³⁵ ɔ³¹³ tʂʅ,mɔ35 ɔ313 tʂʅ,用芦缨加稻草编结成的御寒草鞋,0,0,0,0,,毛窝子　mɔ³⁵ ɔ³¹³ tʂʅ　用芦缨加稻草编结成的御寒草鞋
27,ɔ 韵,毛缨花子,mɔ³⁵ iŋ³¹³ xuɑ³¹³ tʂʅ,mɔ35 iŋ313 xuɑ313 tʂʅ,芦花,0,0,0,0,,毛缨花子　mɔ³⁵ iŋ³¹³ xuɑ³¹³ tʂʅ　芦花
27,ɔ 韵,毛冬瓜,mɔ³⁵ toŋ³¹³ kuɑ³¹³,mɔ35 toŋ313 kuɑ313,冬瓜,0,0,0,0,,毛冬瓜　mɔ³⁵ toŋ³¹³ kuɑ³¹³　冬瓜
27,ɔ 韵,茅房,mɔ⁵⁵ fɑŋ³⁵,mɔ55 fɑŋ35,厕所,0,0,0,0,,茅房　mɔ⁵⁵ fɑŋ³⁵　厕所
27,ɔ 韵,帽招子,mɔ⁵⁵ tʂɔ³¹³ tʂʅ,mɔ55 tʂɔ313 tʂʅ,帽檐儿,0,0,0,0,,帽招子　mɔ⁵⁵ tʂɔ³¹³ tʂʅ　帽檐儿
27,ɔ 韵,⿰鱼刍形字鱼,tɔ³¹³ y³⁵,tɔ313 y35,鲫鱼,0,0,0,0,〔双审12x：鱼+刍（⺈+彐），鲋/鲷均不合，用字待考照录〕,⿰鱼刍形字鱼〔双审12x：鱼+刍（⺈+彐），鲋/鲷均不合，用字待考照录〕　tɔ³¹³ y³⁵　鲫鱼
27,ɔ 韵,⿰鱼刍形字壳子,tɔ³¹³ kʻə¹³ tʂʅ,tɔ313 kʻə13 tʂʅ,,0,0,0,0,〔双审：同上首字；原书该条无释义〕,⿰鱼刍形字壳子〔双审：同上首字；原书该条无释义〕　tɔ³¹³ kʻə¹³ tʂʅ
27,ɔ 韵,刀客,tɔ³¹³ kə¹³,tɔ313 kə13,常替别人写诉状的人,0,0,0,0,,刀客　tɔ³¹³ kə¹³　常替别人写诉状的人
27,ɔ 韵,□,tɔ³¹³,tɔ313,用筷子夹：～菜｜～筷子,0,0,0,1,,□　tɔ³¹³　用筷子夹：～菜｜～筷子
27,ɔ 韵,⿰虫刍形字螂,tɔ³¹³ lɑŋ,tɔ313 lɑŋ,螳螂,0,0,0,0,〔双审：虫+刍（⺈+彐），与页27 ⿰鱼刍 同右旁，皆读 tɔ³¹③；用字待考照录〕,⿰虫刍形字螂〔双审：虫+刍（⺈+彐），与页27 ⿰鱼刍 同右旁，皆读 tɔ³¹③；用字待考照录〕　tɔ³¹³ lɑŋ　螳螂
27,ɔ 韵,捣拐,tɔ⁴¹ kuɛ⁴¹,tɔ41 kuɛ41,斗鸡，两人比耐力的游戏,0,0,0,0,,捣拐　tɔ⁴¹ kuɛ⁴¹　斗鸡，两人比耐力的游戏
27,ɔ 韵,捣腿,tɔ⁴¹ tʻei⁴¹,tɔ41 tʻei41,两人各睡一头、合盖一床被子,0,0,0,0,,捣腿　tɔ⁴¹ tʻei⁴¹　两人各睡一头、合盖一床被子
27,ɔ 韵,捣当,tɔ⁴¹ tɑŋ,tɔ41 tɑŋ,调换,0,0,0,0,,捣当　tɔ⁴¹ tɑŋ　调换
27,ɔ 韵,到头,tɔ⁴¹ tʻəu³⁵,tɔ41 tʻəu35,①人死了②名词前缀，有讨厌的意思，相当于鬼：～人｜～事｜～鞋｜～饭,0,0,0,0,,到头　tɔ⁴¹ tʻəu³⁵　①人死了②名词前缀，有讨厌的意思，相当于鬼：～人｜～事｜～鞋｜～饭
27,ɔ 韵,倒号,tɔ⁴¹ xɔ⁵⁵,tɔ41 xɔ55,店铺倒闭,0,0,0,0,,倒号　tɔ⁴¹ xɔ⁵⁵　店铺倒闭
27,ɔ 韵,倒头饭,tɔ⁴¹ tʻəu³⁵ fæ̃⁵⁵,tɔ41 tʻəu35 fæ̃55,供祭死人头前的一碗米饭,0,0,0,0,,倒头饭　tɔ⁴¹ tʻəu³⁵ fæ̃⁵⁵　供祭死人头前的一碗米饭
27,ɔ 韵,倒头灯,tɔ⁴¹ tʻəu³⁵ təŋ³¹³,tɔ41 tʻəu35 təŋ313,为死者点的长明灯,0,0,0,0,,倒头灯　tɔ⁴¹ tʻəu³⁵ təŋ³¹³　为死者点的长明灯
27,ɔ 韵,倒回,tɔ⁴¹ xuei³⁵,tɔ41 xuei35,等一会儿：～再说,0,0,0,0,,倒回　tɔ⁴¹ xuei³⁵　等一会儿：～再说
27,ɔ 韵,桃花癣,tʻɔ³⁵ xuɑ³¹³ ɕyõ⁴¹,tʻɔ35 xuɑ313 ɕyõ41,春天起的癣,0,0,0,0,,桃花癣　tʻɔ³⁵ xuɑ³¹³ ɕyõ⁴¹　春天起的癣
27,ɔ 韵,套,tɔ,tɔ,缝棉衣：～袄｜～被子,0,0,0,0,〔双审：字形确认；IPA 无调值标记系原书如此〕,套〔双审：字形确认；IPA 无调值标记系原书如此〕　tɔ　缝棉衣：～袄｜～被子
28,ɔ 韵（续）,孬天,lɔ³¹³ tʻiæ̃³¹³,lɔ313 tʻiæ̃313,风雨天,0,0,0,0,,孬天　lɔ³¹³ tʻiæ̃³¹³　风雨天
28,ɔ 韵（续）,牢壮,lɔ³⁵ tʂuɑŋ,lɔ35 tʂuɑŋ,牢固：家俱不～,0,0,0,0,,牢壮　lɔ³⁵ tʂuɑŋ　牢固：家俱不～
28,ɔ 韵（续）,脑瓜子,lɔ⁴¹ kuɑ³¹³ tʂʅ,lɔ41 kuɑ313 tʂʅ,头颅,0,0,0,0,,脑瓜子　lɔ⁴¹ kuɑ³¹³ tʂʅ　头颅
28,ɔ 韵（续）,脑瓜盖子,lɔ⁴¹ kuɑ³¹³ kɛ⁵⁵ tʂʅ,lɔ41 kuɑ313 kɛ55 tʂʅ,头盖骨,0,0,0,0,,脑瓜盖子　lɔ⁴¹ kuɑ³¹³ kɛ⁵⁵ tʂʅ　头盖骨
28,ɔ 韵（续）,脑头着子,lɔ⁴¹ tʻəu³⁵ tʂuə¹³ tʂʅ,lɔ41 tʻəu35 tʂuə13 tʂʅ,打脑后,0,0,0,0,,脑头着子　lɔ⁴¹ tʻəu³⁵ tʂuə¹³ tʂʅ　打脑后
28,ɔ 韵（续）,脑后窝,lɔ⁴¹ xəu⁵⁵ ɔ³¹³,lɔ41 xəu55 ɔ313,后脑勺,0,0,0,0,,脑后窝　lɔ⁴¹ xəu⁵⁵ ɔ³¹³　后脑勺
28,ɔ 韵（续）,脑咽后,lɔ⁴¹ iæ̃⁵⁵ xəu⁵⁵,lɔ41 iæ̃55 xəu55,,0,0,0,0,,脑咽后　lɔ⁴¹ iæ̃⁵⁵ xəu⁵⁵
28,ɔ 韵（续）,恼人,lɔ⁴¹ z̩əŋ³⁵,lɔ41 z̩əŋ35,得罪人,0,0,0,0,,恼人　lɔ⁴¹ z̩əŋ³⁵　得罪人
28,ɔ 韵（续）,老□,lɔ⁴¹ tɕɪ³¹³,lɔ41 tɕɪ313,鬼怪，吓唬小孩时说：莫哭，～来了〔双审：□系原书所印空框〕,0,0,0,1,,老□　lɔ⁴¹ tɕɪ³¹³　鬼怪，吓唬小孩时说：莫哭，～来了〔双审：□系原书所印空框〕
28,ɔ 韵（续）,老□□,lɔ⁴¹ kʻɑ³¹³ kʻɑ³¹³,lɔ41 kʻɑ313 kʻɑ313,衰老的样子：脸～的〔双审：两□系原书所印空框〕,0,0,0,1,,老□□　lɔ⁴¹ kʻɑ³¹³ kʻɑ³¹³　衰老的样子：脸～的〔双审：两□系原书所印空框〕
28,ɔ 韵（续）,老太爷,lɔ⁴¹ tʻɛ⁵⁵ ɪ³⁵,lɔ41 tʻɛ55 ɪ35,曾祖父,0,0,0,0,,老太爷　lɔ⁴¹ tʻɛ⁵⁵ ɪ³⁵　曾祖父
28,ɔ 韵（续）,老太太,lɔ⁴¹ tʻɛ⁵⁵ tʻɛ,lɔ41 tʻɛ55 tʻɛ,曾祖母,0,0,0,0,,老太太　lɔ⁴¹ tʻɛ⁵⁵ tʻɛ　曾祖母
28,ɔ 韵（续）,老爹,lɔ⁴¹ tɪ³¹³,lɔ41 tɪ313,祖父,0,0,0,0,,老爹　lɔ⁴¹ tɪ³¹³　祖父
28,ɔ 韵（续）,老拐子,lɔ⁴¹ kuɛ⁴¹ tʂʅ,lɔ41 kuɛ41 tʂʅ,人贩子,0,0,0,0,,老拐子　lɔ⁴¹ kuɛ⁴¹ tʂʅ　人贩子
28,ɔ 韵（续）,老海,lɔ⁴¹ xɛ⁴¹,lɔ41 xɛ41,①大海：东～②大烟：～鬼子,0,0,0,0,,老海　lɔ⁴¹ xɛ⁴¹　①大海：东～②大烟：～鬼子
28,ɔ 韵（续）,老干皮味,lɔ⁴¹ kæ̃³¹³ pʻi³⁵ uei⁵⁵,lɔ41 kæ̃313 pʻi35 uei55,不知趣而自以为是,0,0,0,0,,老干皮味　lɔ⁴¹ kæ̃³¹³ pʻi³⁵ uei⁵⁵　不知趣而自以为是
28,ɔ 韵（续）,老嫚子,lɔ⁴¹ mæ̃⁴¹ tʂʅ,lɔ41 mæ̃41 tʂʅ,老婆（中、老年）、老太婆,0,0,0,0,,老嫚子　lɔ⁴¹ mæ̃⁴¹ tʂʅ　老婆（中、老年）、老太婆
28,ɔ 韵（续）,老人了,lɔ⁴¹ z̩əŋ³⁵ lə,lɔ41 z̩əŋ35 lə,死了老人了,0,0,0,0,,老人了　lɔ⁴¹ z̩əŋ³⁵ lə　死了老人了
28,ɔ 韵（续）,老□子,lɔ⁴¹ kə¹³ tʂʅ,lɔ41 kə13 tʂʅ,最小的孩子：小～〔双审：□系原书所印空框；「疑嘎」仅为推测，不入正文〕,0,0,0,1,,老□子　lɔ⁴¹ kə¹³ tʂʅ　最小的孩子：小～〔双审：□系原书所印空框；「疑嘎」仅为推测，不入正文〕
28,ɔ 韵（续）,老实头,lɔ⁴¹ ʂə¹³ tʻəu³⁵,lɔ41 ʂə13 tʻəu35,老实人,0,0,0,0,,老实头　lɔ⁴¹ ʂə¹³ tʻəu³⁵　老实人
28,ɔ 韵（续）,捞,lɔ⁵⁵,lɔ55,①取高处、远处的物品：太高，手～不到②得：那东西你～到啦,0,0,0,0,,捞　lɔ⁵⁵　①取高处、远处的物品：太高，手～不到②得：那东西你～到啦
28,ɔ 韵（续）,捞不到,lɔ⁴¹ pə¹³ tɔ⁵⁵,lɔ41 pə13 tɔ55,没时间：我～去,0,0,0,0,,捞不到　lɔ⁴¹ pə¹³ tɔ⁵⁵　没时间：我～去
28,ɔ 韵（续）,朝,tʂɔ³¹³,tʂɔ313,天：十～半月,0,0,0,0,,朝　tʂɔ³¹³　天：十～半月
28,ɔ 韵（续）,朝暮,tʂɔ³¹³ mə,tʂɔ313 mə,从前,0,0,0,0,,朝暮　tʂɔ³¹³ mə　从前
28,ɔ 韵（续）,朝暮子,tʂɔ³¹³ mə tʂʅ,tʂɔ313 mə tʂʅ,,0,0,0,0,,朝暮子　tʂɔ³¹³ mə tʂʅ
28,ɔ 韵（续）,朝天子,tʂɔ³¹³ tʻie³¹³ tʂʅ,tʂɔ313 tʻie313 tʂʅ,,0,0,0,0,,朝天子　tʂɔ³¹³ tʻie³¹³ tʂʅ
28,ɔ 韵（续）,朝今,tʂɔ³¹³ tɕiŋ,tʂɔ313 tɕiŋ,,0,0,0,0,,朝今　tʂɔ³¹³ tɕiŋ
28,ɔ 韵（续）,朝日,tʂɔ³¹³,tʂɔ313,z̩ə〔双审：原书该条存在（页28左栏末），无释义系原书如此〕,0,0,0,0,,朝日　tʂɔ³¹³ z̩ə〔双审：原书该条存在（页28左栏末），无释义系原书如此〕
28,ɔ 韵（续）,糟,tʂɔ,tʂɔ,发面引子：～面饼,0,0,0,0,,糟　tʂɔ　发面引子：～面饼
28,ɔ 韵（续）,遭雨,tʂɔ³¹³ y⁴¹,tʂɔ313 y41,被雨淋了,0,0,0,0,,遭雨　tʂɔ³¹³ y⁴¹　被雨淋了
28,ɔ 韵（续）,早星,tʂɔ⁴¹ ɕiŋ³¹³,tʂɔ41 ɕiŋ313,早晨,0,0,0,0,,早星　tʂɔ⁴¹ ɕiŋ³¹³　早晨
28,ɔ 韵（续）,□,tʂɔ⁴¹,tʂɔ41,山西口音：南蛮北侉山西～子,0,0,0,1,,□　tʂɔ⁴¹　山西口音：南蛮北侉山西～子
28,ɔ 韵（续）,照蛋,tʂɔ⁵⁵ tæ̃⁵⁵,tʂɔ55 tæ̃55,"孵化过程中淘汰下来的禽蛋，有""头照子、二照子""之别",0,0,0,0,,"照蛋　tʂɔ⁵⁵ tæ̃⁵⁵　孵化过程中淘汰下来的禽蛋，有""头照子、二照子""之别"
28,ɔ 韵（续）,嘈,tʂʻɔ³¹³,tʂʻɔ313,喧哗：莫～，开会了,0,0,0,0,,嘈　tʂʻɔ³¹³　喧哗：莫～，开会了
28,ɔ 韵（续）,疒未形字人,tʂʻɔ³⁵ z̩əŋ³⁵,tʂʻɔ35 z̩əŋ35,胃里不舒服，有饥饿感：光吃萝卜～,0,0,0,0,〔双审13x：疒+未（或朱/求），疥（疒+介）排除；灼饥感义词用字待考照录〕,疒未形字人〔双审13x：疒+未（或朱/求），疥（疒+介）排除；灼饥感义词用字待考照录〕　tʂʻɔ³⁵ z̩əŋ³⁵　胃里不舒服，有饥饿感：光吃萝卜～
28,ɔ 韵（续）,疒未形字汪汪,tʂʻɔ³⁵ uɑŋ³¹³ uɑŋ³¹³,tʂʻɔ35 uɑŋ313 uɑŋ313,,0,0,0,0,〔首字同上〕,疒未形字汪汪〔首字同上〕　tʂʻɔ³⁵ uɑŋ³¹³ uɑŋ³¹³
28,ɔ 韵（续）,朝牌,tʂʻɔ³⁵ pʻɛ³⁵,tʂʻɔ35 pʻɛ35,像朝笏样的发面烧饼，也叫烤牌,0,0,0,0,,朝牌　tʂʻɔ³⁵ pʻɛ³⁵　像朝笏样的发面烧饼，也叫烤牌
28,ɔ 韵（续）,草焐子,tʂʻɔ⁴¹ u⁵⁵ tʂʅ,tʂʻɔ41 u55 tʂʅ,冬天能放入饭锅保温的草器,0,0,0,0,,草焐子　tʂʻɔ⁴¹ u⁵⁵ tʂʅ　冬天能放入饭锅保温的草器
28,ɔ 韵（续）,草驴,tʂʻɔ⁴¹ ly³⁵,tʂʻɔ41 ly35,母驴,0,0,0,0,,草驴　tʂʻɔ⁴¹ ly³⁵　母驴
28,ɔ 韵（续）,草狗,tʂʻɔ⁴¹ kəu⁴¹,tʂʻɔ41 kəu41,母狗,0,0,0,0,,草狗　tʂʻɔ⁴¹ kəu⁴¹　母狗
28,ɔ 韵（续）,糟坊,tʂʻɔ⁴¹ fɑŋ³¹³,tʂʻɔ41 fɑŋ313,榨油、酿酒的作坊,0,0,0,0,,糟坊　tʂʻɔ⁴¹ fɑŋ³¹³　榨油、酿酒的作坊
28,ɔ 韵（续）,吵,tʂʻɔ⁴¹,tʂʻɔ41,批评、训斥：挨老师～了,0,0,0,0,,吵　tʂʻɔ⁴¹　批评、训斥：挨老师～了
28,ɔ 韵（续）,操,tʂʻɔ⁵⁵,tʂʻɔ55,①捣乱：胡～｜瞎～②詈语,0,0,0,0,,操　tʂʻɔ⁵⁵　①捣乱：胡～｜瞎～②詈语
28,ɔ 韵（续）,□,tʂʻɔ⁵⁵,tʂʻɔ55,磨擦：铁锨锈了，在沙里～～,0,0,0,1,,□　tʂʻɔ⁵⁵　磨擦：铁锨锈了，在沙里～～
28,ɔ 韵（续）,踔,tʂʻɔ⁵⁵,tʂʻɔ55,跨：～沟,0,0,0,0,,踔　tʂʻɔ⁵⁵　跨：～沟
28,ɔ 韵（续）,烧,ʂɔ³¹³,ʂɔ313,①被钱财弄昏头脑，不能自制②挥霍,0,0,0,0,,烧　ʂɔ³¹³　①被钱财弄昏头脑，不能自制②挥霍
28,ɔ 韵（续）,捎瓜,ʂɔ³¹³,ʂɔ313,夏季的长形黄皮菜瓜,0,0,0,0,,捎瓜　ʂɔ³¹³　夏季的长形黄皮菜瓜
28,ɔ 韵（续）,臊荤烂臭,ʂɔ³¹³ xoŋ³¹³ læ̃⁵⁵ tʂʻəu⁵⁵,ʂɔ313 xoŋ313 læ̃55 tʂʻəu55,臊臭味,0,0,0,0,,臊荤烂臭　ʂɔ³¹³ xoŋ³¹³ læ̃⁵⁵ tʂʻəu⁵⁵　臊臭味
28,ɔ 韵（续）,臊荤烂腥,ʂɔ³¹³ xoŋ³¹³ læ̃⁵⁵ ɕiŋ³¹³,ʂɔ313 xoŋ313 læ̃55 ɕiŋ313,,0,0,0,0,,臊荤烂腥　ʂɔ³¹³ xoŋ³¹³ læ̃⁵⁵ ɕiŋ³¹³
28,ɔ 韵（续）,扫盐,ʂɔ⁴¹ ie³⁵,ʂɔ41 ie35,把盐田的盐堆积起来运走,0,0,0,0,,扫盐　ʂɔ⁴¹ ie³⁵　把盐田的盐堆积起来运走
28,ɔ 韵（续）,扫尘,ʂɔ⁴¹ tʂʻəŋ³⁵,ʂɔ41 tʂʻəŋ35,大扫除,0,0,0,0,,扫尘　ʂɔ⁴¹ tʂʻəŋ³⁵　大扫除
28,ɔ 韵（续）,懆,ʂɔ⁵⁵,ʂɔ55,快：欢～｜走路真～,0,0,0,0,〔双审12x：忄+喿（品+木），慥（忄+造）排除〕,懆〔双审12x：忄+喿（品+木），慥（忄+造）排除〕　ʂɔ⁵⁵　快：欢～｜走路真～
28,ɔ 韵（续）,懆当,ʂɔ⁵⁵ tɑŋ,ʂɔ55 tɑŋ,走～点〔首字同上=懆〕,0,0,0,0,,懆当　ʂɔ⁵⁵ tɑŋ　走～点〔首字同上=懆〕
28,ɔ 韵（续）,饶,z̩ɔ³⁵,z̩ɔ35,购物时另外多给的部分,0,0,0,0,,饶　z̩ɔ³⁵　购物时另外多给的部分
28,ɔ 韵（续）,高升,kɔ³¹³ ʂəŋ³¹³,kɔ313 ʂəŋ313,二踢脚,0,0,0,0,,高升　kɔ³¹³ ʂəŋ³¹³　二踢脚
28,ɔ 韵（续）,高木屐子,kɔ³¹³ mə¹³ tɕi³¹³ tʂʅ,kɔ313 mə13 tɕi313 tʂʅ,①木底高跟鞋②比喻奉承话：给你个～穿,0,0,0,0,,高木屐子　kɔ³¹³ mə¹³ tɕi³¹³ tʂʅ　①木底高跟鞋②比喻奉承话：给你个～穿
28,ɔ 韵（续）,茭瓜,kɔ³¹³ kuɑ³¹³,kɔ313 kuɑ313,茭白,0,0,0,0,,茭瓜　kɔ³¹³ kuɑ³¹³　茭白
28,ɔ 韵（续）,搞嘴,kɔ⁴¹ tɕei⁴¹,kɔ41 tɕei41,吵架,0,0,0,0,,搞嘴　kɔ⁴¹ tɕei⁴¹　吵架
29,ɔ 韵（收尾）,告帮,kɔ⁵⁵ pɑŋ³¹³,kɔ55 pɑŋ313,求援、借债,0,0,0,0,,告帮　kɔ⁵⁵ pɑŋ³¹³　求援、借债
29,ɔ 韵（收尾）,告送,kɔ⁵⁵ ʂoŋ⁵⁵,kɔ55 ʂoŋ55,告诉,0,0,0,0,,告送　kɔ⁵⁵ ʂoŋ⁵⁵　告诉
29,ɔ 韵（收尾）,□,kʻɔ³¹³,kʻɔ313,割：～凉粉｜～块豆腐,0,0,0,1,,□　kʻɔ³¹³　割：～凉粉｜～块豆腐
29,ɔ 韵（收尾）,考盖子,kʻɔ⁴¹ kɛ⁵⁵ tʂʅ,kʻɔ41 kɛ55 tʂʅ,结痂,0,0,0,0,,考盖子　kʻɔ⁴¹ kɛ⁵⁵ tʂʅ　结痂
29,ɔ 韵（收尾）,洘,kʻɔ⁵⁵,kʻɔ55,加热让水蒸发掉：～油｜锅～干了〔与页13 kʻ④互证，彼处字形另核〕,0,0,0,0,〔双审13x：氵+考 定案；㸆（火+告）/烤 候选均不合本页字形；洘=水涸义正合；调值原书作⁵⁵（洘《集韵》上声，照录）〕,洘〔双审13x：氵+考 定案；㸆（火+告）/烤 候选均不合本页字形；洘=水涸义正合；调值原书作⁵⁵（洘《集韵》上声，照录）〕　kʻɔ⁵⁵　加热让水蒸发掉：～油｜锅～干了〔与页13 kʻ④互证，彼处字形另核〕
29,ɔ 韵（收尾）,靠,kʻɔ⁵⁵,kʻɔ55,①相持：看谁～过谁②等：不要死～，他不来了,0,0,0,0,,靠　kʻɔ⁵⁵　①相持：看谁～过谁②等：不要死～，他不来了
29,ɔ 韵（收尾）,薅地,xɔ⁴¹ ti⁵⁵,xɔ41 ti55,锄地,0,0,0,0,,薅地　xɔ⁴¹ ti⁵⁵　锄地
29,ɔ 韵（收尾）,好意,xɔ⁵⁵,xɔ55,i　有意：谁～这样干呀,0,0,0,0,,好意　xɔ⁵⁵ i　有意：谁～这样干呀
29,ɔ 韵（收尾）,耗潮,xɔ³⁵ tʂʻɔ³⁵,xɔ35 tʂʻɔ35,退潮,0,0,0,0,,耗潮　xɔ³⁵ tʂʻɔ³⁵　退潮
29,ɔ 韵（收尾）,懊糟,ɔ³⁵ tʂɔ³¹³,ɔ35 tʂɔ313,懊悔,0,0,0,0,,懊糟　ɔ³⁵ tʂɔ³¹³　懊悔
29,ɔ 韵（收尾）,拗,ɔ⁵⁵,ɔ55,相持、比赛耐力：～手劲｜～膀子,0,0,0,0,,拗　ɔ⁵⁵　相持、比赛耐力：～手劲｜～膀子
29,iɔ 韵,标,piɔ³¹³,piɔ313,目测、比划：～出一条直线,0,0,0,0,,标　piɔ³¹³　目测、比划：～出一条直线
29,iɔ 韵,摽,piɔ⁵⁵,piɔ55,①把绳子、铁丝纹紧：～锯｜两根铁丝～起来②紧跟不舍，纠缠：我走到哪你～到哪，～到晚上也不给你买③结合：两人～在一起干④攀比：你能和他～，人家有钱⑤攀牢：～在树上｜～膀子,0,0,0,0,,摽　piɔ⁵⁵　①把绳子、铁丝纹紧：～锯｜两根铁丝～起来②紧跟不舍，纠缠：我走到哪你～到哪，～到晚上也不给你买③结合：两人～在一起干④攀比：你能和他～，人家有钱⑤攀牢：～在树上｜～膀子
29,iɔ 韵,膘,piɔ⁵⁵,piɔ55,油发过的猪皮：吃～汤,0,0,0,0,,膘　piɔ⁵⁵　油发过的猪皮：吃～汤
29,iɔ 韵,瓢不,pʻiɔ³⁵ pə,pʻiɔ35 pə,①薄板变形弓起：板受潮～了②说话不正常、胡说：喝几口酒嘴就～了,0,0,0,0,〔双审13x：瓢=票+瓜 确认，断句 瓢+不 成立；IPA 首音节原书作 pʻiɔ³⁵（送气），转录 piɔ 订正〕,瓢不〔双审13x：瓢=票+瓜 确认，断句 瓢+不 成立；IPA 首音节原书作 pʻiɔ³⁵（送气），转录 piɔ 订正〕　pʻiɔ³⁵ pə　①薄板变形弓起：板受潮～了②说话不正常、胡说：喝几口酒嘴就～了
29,iɔ 韵,吊三秋,tiɔ⁵⁵ ʂæ̃³¹³ tɕʻiəu,tiɔ55 ʂæ̃313 tɕʻiəu,过短的衣服,0,0,0,0,,吊三秋　tiɔ⁵⁵ ʂæ̃³¹³ tɕʻiəu　过短的衣服
29,iɔ 韵,吊线,tiɔ⁵⁵ ɕiɛ⁵⁵,tiɔ55 ɕiɛ55,用眼睛或线标出直线,0,0,0,0,,吊线　tiɔ⁵⁵ ɕiɛ⁵⁵　用眼睛或线标出直线
29,iɔ 韵,吊秧子,tiɔ⁵⁵ iɑŋ³¹³ tʂʅ,tiɔ55 iɑŋ313 tʂʅ,狗交配,0,0,0,0,,吊秧子　tiɔ⁵⁵ iɑŋ³¹³ tʂʅ　狗交配
29,iɔ 韵,吊搭眼,tiɔ⁵⁵ tə¹³ iæ̃⁴¹,tiɔ55 tə13 iæ̃41,上眼皮松垂。也叫麻搭眼,0,0,0,0,,吊搭眼　tiɔ⁵⁵ tə¹³ iæ̃⁴¹　上眼皮松垂。也叫麻搭眼
29,iɔ 韵,掉大精子,tiɔ⁵⁵ tɑ⁵⁵ tɕiŋ³¹³ tʂʅ,tiɔ55 tɑ55 tɕiŋ313 tʂʅ,因紧张焦虑而精神恍惚,0,0,0,0,,掉大精子　tiɔ⁵⁵ tɑ⁵⁵ tɕiŋ³¹³ tʂʅ　因紧张焦虑而精神恍惚
29,iɔ 韵,掉蛋,tiɔ⁵⁵ tæ̃⁵⁵,tiɔ55 tæ̃55,调皮捣蛋,0,0,0,0,,掉蛋　tiɔ⁵⁵ tæ̃⁵⁵　调皮捣蛋
29,iɔ 韵,掉向,tiɔ⁵⁵ ɕiɑŋ⁵⁵,tiɔ55 ɕiɑŋ55,迷失了方向：一到新浦就～，解放路是向西南斜伸的,0,0,0,0,,掉向　tiɔ⁵⁵ ɕiɑŋ⁵⁵　迷失了方向：一到新浦就～，解放路是向西南斜伸的
29,iɔ 韵,掉色,tiɔ⁵⁵ ʂə¹³,tiɔ55 ʂə13,颜色脱落、变淡,0,0,0,0,,掉色　tiɔ⁵⁵ ʂə¹³　颜色脱落、变淡
29,iɔ 韵,笤把,tʻiɔ³⁵ pɑ⁴¹,tʻiɔ35 pɑ41,笤帚,0,0,0,0,,笤把　tʻiɔ³⁵ pɑ⁴¹　笤帚
29,iɔ 韵,条道,tʻiɔ³⁵ tɔ⁵⁵,tʻiɔ35 tɔ55,做事有条理,0,0,0,0,,条道　tʻiɔ³⁵ tɔ⁵⁵　做事有条理
29,iɔ 韵,挑,tʻiɔ⁴¹,tʻiɔ41,挖：～荠菜,0,0,0,0,,挑　tʻiɔ⁴¹　挖：～荠菜
29,iɔ 韵,挑箩子,tʻiɔ⁴¹ lɔ³⁵ tʂʅ,tʻiɔ41 lɔ35 tʂʅ,把散在地上的草、庄稼用铁权挑成一堆一堆的,0,0,0,0,,挑箩子　tʻiɔ⁴¹ lɔ³⁵ tʂʅ　把散在地上的草、庄稼用铁权挑成一堆一堆的
29,iɔ 韵,挑河,tʻiɔ⁴¹ xɔ³⁵,tʻiɔ41 xɔ35,开挖河渠,0,0,0,0,,挑河　tʻiɔ⁴¹ xɔ³⁵　开挖河渠
29,iɔ 韵,挑罾,tʻiɔ⁴¹ tsəŋ³¹³,tʻiɔ41 tsəŋ313,捞虾子的小网,0,0,0,0,,挑罾　tʻiɔ⁴¹ tsəŋ³¹³　捞虾子的小网
29,iɔ 韵,撩骚,liɔ³⁵ ʂɔ³¹³,liɔ35 ʂɔ313,挑逗,0,0,0,0,,撩骚　liɔ³⁵ ʂɔ³¹³　挑逗
29,iɔ 韵,燎泡,liɔ³⁵ pʻɔ⁵⁵,liɔ35 pʻɔ55,皮肤上烫起、磨起的水泡,0,0,0,0,,燎泡　liɔ³⁵ pʻɔ⁵⁵　皮肤上烫起、磨起的水泡
29,iɔ 韵,了巴子,liɔ⁴¹ pɑ³¹³ tʂʅ,liɔ41 pɑ313 tʂʅ,最末的一个：小～,0,0,0,0,,了巴子　liɔ⁴¹ pɑ³¹³ tʂʅ　最末的一个：小～
29,iɔ 韵,了了,liɔ⁴¹ liɔ⁴¹,liɔ41 liɔ41,一点点：还有～的，不多了,0,0,0,0,,了了　liɔ⁴¹ liɔ⁴¹　一点点：还有～的，不多了
29,iɔ 韵,了了,liɔ⁴¹ lə,liɔ41 lə,完了：吃～,0,0,0,0,,了了　liɔ⁴¹ lə　完了：吃～
29,iɔ 韵,撂,liɔ⁵⁵,liɔ55,①扔：～过来②遗失：钱～了,0,0,0,0,,撂　liɔ⁵⁵　①扔：～过来②遗失：钱～了
29,iɔ 韵,撂瓢嘴,liɔ⁵⁵ pʻiɔ³⁵ tɕei⁴¹,liɔ55 pʻiɔ35 tɕei41,大而斜的嘴巴,0,0,0,0,,撂瓢嘴　liɔ⁵⁵ pʻiɔ³⁵ tɕei⁴¹　大而斜的嘴巴
29,iɔ 韵,焦,tɕiɔ³¹³,tɕiɔ313,①十分着急：心里发～②很：～干｜～粘｜～酸,0,0,0,0,,焦　tɕiɔ³¹³　①十分着急：心里发～②很：～干｜～粘｜～酸
29,iɔ 韵,焦干,tɕiɔ³¹³ kæ̃³¹³,tɕiɔ313 kæ̃313,①干燥：嘴～②实在：～的话,0,0,0,0,,焦干　tɕiɔ³¹³ kæ̃³¹³　①干燥：嘴～②实在：～的话
29,iɔ 韵,交,tɕiɔ³¹³,tɕiɔ313,人：～伏｜～九,0,0,0,0,,交　tɕiɔ³¹³　人：～伏｜～九
29,iɔ 韵,交尾,tɕiɔ³¹³ uei⁴¹,tɕiɔ313 uei41,昆虫交配,0,0,0,0,,交尾　tɕiɔ³¹³ uei⁴¹　昆虫交配
29,iɔ 韵,叫,tɕiɔ⁵⁵,tɕiɔ55,被：～他拿去了〔被动标记第三形式：□/挨/叫〕,0,0,0,0,,叫　tɕiɔ⁵⁵　被：～他拿去了〔被动标记第三形式：□/挨/叫〕
29,iɔ 韵,叫窝,tɕiɔ⁵⁵ ɔ³¹³,tɕiɔ55 ɔ313,猫发情,0,0,0,0,,叫窝　tɕiɔ⁵⁵ ɔ³¹³　猫发情
29,iɔ 韵,叫□子,tɕiɔ⁵⁵ kuɛ³¹³ tʂʅ,tɕiɔ55 kuɛ313 tʂʅ,蝈蝈〔与页12 k④□叫～子:蝈蝈互证〕,0,0,0,1,,叫□子　tɕiɔ⁵⁵ kuɛ³¹³ tʂʅ　蝈蝈〔与页12 k④□叫～子:蝈蝈互证〕
29,iɔ 韵,校秤,tɕiɔ⁵⁵ tʂʻəŋ⁵⁵,tɕiɔ55 tʂʻəŋ55,复秤,0,0,0,0,,校秤　tɕiɔ⁵⁵ tʂʻəŋ⁵⁵　复秤
29,iɔ 韵,膏油,tɕiɔ⁵⁵ iəu³⁵,tɕiɔ55 iəu35,给车轴注油,0,0,0,0,,膏油　tɕiɔ⁵⁵ iəu³⁵　给车轴注油
29,iɔ 韵,劁,tɕʻiɔ³¹³,tɕʻiɔ313,阉割母畜：～猪,0,0,0,0,,劁　tɕʻiɔ³¹³　阉割母畜：～猪
29,iɔ 韵,□贬,tɕʻiɔ³¹³,tɕʻiɔ313,pie　缺点、不足：你看这事还有什么～,0,0,0,1,〔双审：首字系原书所印空框（非褒字）；「疑褒」推测不成立〕,□贬〔双审：首字系原书所印空框（非褒字）；「疑褒」推测不成立〕　tɕʻiɔ³¹³ pie　缺点、不足：你看这事还有什么～
29,iɔ 韵,翘,tɕʻiɔ⁵⁵,tɕʻiɔ55,平板形物体受潮后变形弓起：～巴｜板～了,0,0,0,0,,翘　tɕʻiɔ⁵⁵　平板形物体受潮后变形弓起：～巴｜板～了
29,iɔ 韵,俏紧,tɕʻiɔ⁵⁵ tɕiŋ³¹³,tɕʻiɔ55 tɕiŋ313,动作利索：走路～的,0,0,0,0,,俏紧　tɕʻiɔ⁵⁵ tɕiŋ³¹³　动作利索：走路～的
29,iɔ 韵,俏刮,tɕʻiɔ⁵⁵ kuə¹³,tɕʻiɔ55 kuə13,打扮得合体、美丽,0,0,0,0,,俏刮　tɕʻiɔ⁵⁵ kuə¹³　打扮得合体、美丽
30,iɔ 韵（收尾）,枵,ɕiɔ³¹³,ɕiɔ313,薄纸溜～的,0,0,0,0,〔已核定案:木+丂〕,枵〔已核定案:木+丂〕　ɕiɔ³¹³　薄纸溜～的
30,iɔ 韵（收尾）,枵脸皮,ɕiɔ³¹³ liɛ⁴¹ pʻi³⁵,ɕiɔ313 liɛ41 pʻi35,爱面子、害羞,0,0,0,0,〔已核定案:木+丂〕,枵脸皮〔已核定案:木+丂〕　ɕiɔ³¹³ liɛ⁴¹ pʻi³⁵　爱面子、害羞
30,iɔ 韵（收尾）,小蹄爪子,ɕiɔ⁴¹ tʻi³⁵ tʂuɑ⁴¹ tʂʅ,ɕiɔ41 tʻi35 tʂuɑ41 tʂʅ,猪蹄,0,0,0,0,,小蹄爪子　ɕiɔ⁴¹ tʻi³⁵ tʂuɑ⁴¹ tʂʅ　猪蹄
30,iɔ 韵（收尾）,小鸡,ɕiɔ⁴¹ tɕi³¹³,ɕiɔ41 tɕi313,男孩生殖器，也叫小拐球、小雀子,0,0,0,0,,小鸡　ɕiɔ⁴¹ tɕi³¹³　男孩生殖器，也叫小拐球、小雀子
30,iɔ 韵（收尾）,小气八拉,ɕiɔ⁴¹ ɕi⁵⁵ pə¹³ lɑ³¹³,ɕiɔ41 ɕi55 pə13 lɑ313,胸襟不宽、吝啬,0,0,0,0,,小气八拉　ɕiɔ⁴¹ ɕi⁵⁵ pə¹³ lɑ³¹³　胸襟不宽、吝啬
30,iɔ 韵（收尾）,小布,ɕiɔ⁴¹ pu⁵⁵,ɕiɔ41 pu55,土布,0,0,0,0,,小布　ɕiɔ⁴¹ pu⁵⁵　土布
30,iɔ 韵（收尾）,小姑子,ɕiɔ⁴¹ ku³¹³ tʂʅ,ɕiɔ41 ku313 tʂʅ,丈夫的妹妹,0,0,0,0,,小姑子　ɕiɔ⁴¹ ku³¹³ tʂʅ　丈夫的妹妹
30,iɔ 韵（收尾）,小乌子,ɕiɔ⁴¹ u³¹³ tʂʅ,ɕiɔ41 u313 tʂʅ,①小乌贼②蝌蚪,0,0,0,0,,小乌子　ɕiɔ⁴¹ u³¹³ tʂʅ　①小乌贼②蝌蚪
30,iɔ 韵（收尾）,小爷,ɕiɔ⁴¹ ɪ³⁵,ɕiɔ41 ɪ35,小叔叔,0,0,0,0,,小爷　ɕiɔ⁴¹ ɪ³⁵　小叔叔
30,iɔ 韵（收尾）,小马子,ɕiɔ⁴¹ mɑ⁴¹ tʂʅ,ɕiɔ41 mɑ41 tʂʅ,木质小马桶,0,0,0,0,,小马子　ɕiɔ⁴¹ mɑ⁴¹ tʂʅ　木质小马桶
30,iɔ 韵（收尾）,小他,ɕiɔ⁴¹ tʻɑ³¹³,ɕiɔ41 tʻɑ313,人称泛指，不论男女，凡叫不出名字的人都可这样当面称呼,0,0,0,0,,小他　ɕiɔ⁴¹ tʻɑ³¹³　人称泛指，不论男女，凡叫不出名字的人都可这样当面称呼
30,iɔ 韵（收尾）,小瓦,ɕiɔ⁴¹ uɑ⁴¹,ɕiɔ41 uɑ41,筒瓦,0,0,0,0,,小瓦　ɕiɔ⁴¹ uɑ⁴¹　筒瓦
30,iɔ 韵（收尾）,小拇指头,ɕiɔ⁴¹ mɑ⁴¹ tʂʅ³¹³ tʻəu,ɕiɔ41 mɑ41 tʂʅ313 tʻəu,小手指,0,0,0,0,,小拇指头　ɕiɔ⁴¹ mɑ⁴¹ tʂʅ³¹³ tʻəu　小手指
30,iɔ 韵（收尾）,小开子,ɕiɔ⁴¹ kʻɛ³¹³ tʂʅ,ɕiɔ41 kʻɛ313 tʂʅ,硬币,0,0,0,0,,小开子　ɕiɔ⁴¹ kʻɛ³¹³ tʂʅ　硬币
30,iɔ 韵（收尾）,小银开子,ɕiɔ⁴¹ iŋ³⁵ kʻɛ³¹³ tʂʅ,ɕiɔ41 iŋ35 kʻɛ313 tʂʅ,,0,0,0,0,,小银开子　ɕiɔ⁴¹ iŋ³⁵ kʻɛ³¹³ tʂʅ
30,iɔ 韵（收尾）,小银角子,ɕiɔ⁴¹ iŋ³⁵ kə¹³ tʂʅ,ɕiɔ41 iŋ35 kə13 tʂʅ,,0,0,0,0,,小银角子　ɕiɔ⁴¹ iŋ³⁵ kə¹³ tʂʅ
30,iɔ 韵（收尾）,小嘴子,ɕiɔ⁴¹ tʂʻei⁴¹ tʂʅ,ɕiɔ41 tʂʻei41 tʂʅ,暗地传话的人,0,0,0,0,,小嘴子　ɕiɔ⁴¹ tʂʻei⁴¹ tʂʅ　暗地传话的人
30,iɔ 韵（收尾）,小舍子,ɕiɔ⁴¹ ʂei⁵⁵ tʂʅ,ɕiɔ41 ʂei55 tʂʅ,田间简陋的草房,0,0,0,0,,小舍子　ɕiɔ⁴¹ ʂei⁵⁵ tʂʅ　田间简陋的草房
30,iɔ 韵（收尾）,小鬼,ɕiɔ⁴¹ kuei⁴¹,ɕiɔ41 kuei41,扑克牌中的皇后,0,0,0,0,,小鬼　ɕiɔ⁴¹ kuei⁴¹　扑克牌中的皇后
30,iɔ 韵（收尾）,小草驴子,ɕiɔ⁴¹ tʂʻɔ⁴¹ ly³⁵ tʂʅ,ɕiɔ41 tʂʻɔ41 ly35 tʂʅ,蝈蝈,0,0,0,0,,小草驴子　ɕiɔ⁴¹ tʂʻɔ⁴¹ ly³⁵ tʂʅ　蝈蝈
30,iɔ 韵（收尾）,小壕子,ɕiɔ⁴¹ xɔ³⁵ tʂʅ,ɕiɔ41 xɔ35 tʂʅ,瓦质小马桶,0,0,0,0,,小壕子　ɕiɔ⁴¹ xɔ³⁵ tʂʅ　瓦质小马桶
30,iɔ 韵（收尾）,小揪,ɕiɔ⁴¹ tɕiəu³¹³,ɕiɔ41 tɕiəu313,"小孩〔与字汇页13 tɕ组""□小～:小孩""互证，□=揪〕",0,0,0,0,,"小揪　ɕiɔ⁴¹ tɕiəu³¹³　小孩〔与字汇页13 tɕ组""□小～:小孩""互证，□=揪〕"
30,iɔ 韵（收尾）,小年,ɕiɔ⁴¹ liɛ³¹³,ɕiɔ41 liɛ313,正月十五,0,0,0,0,,小年　ɕiɔ⁴¹ liɛ³¹³　正月十五
30,iɔ 韵（收尾）,小园田,ɕiɔ⁴¹ yõ³⁵ tʻiɛ,ɕiɔ41 yõ35 tʻiɛ,农民的自留地,0,0,0,0,,小园田　ɕiɔ⁴¹ yõ³⁵ tʻiɛ　农民的自留地
30,iɔ 韵（收尾）,小方子,ɕiɔ⁴¹ fɑŋ³¹³ tʂʅ,ɕiɔ41 fɑŋ313 tʂʅ,中药方,0,0,0,0,,小方子　ɕiɔ⁴¹ fɑŋ³¹³ tʂʅ　中药方
30,iɔ 韵（收尾）,小肠火,ɕiɔ⁴¹ tʂʻɑŋ³⁵ xɔ⁴¹,ɕiɔ41 tʂʻɑŋ35 xɔ41,尿道发炎、尿液发黄,0,0,0,0,,小肠火　ɕiɔ⁴¹ tʂʻɑŋ³⁵ xɔ⁴¹　尿道发炎、尿液发黄
30,iɔ 韵（收尾）,小唱,ɕiɔ⁴¹ tʂʻɑŋ⁵⁵,ɕiɔ41 tʂʻɑŋ55,民间小曲,0,0,0,0,,小唱　ɕiɔ⁴¹ tʂʻɑŋ⁵⁵　民间小曲
30,iɔ 韵（收尾）,小粉子,ɕiɔ⁴¹ fəŋ⁴¹ tʂʅ,ɕiɔ41 fəŋ41 tʂʅ,做食品时用的淀粉,0,0,0,0,,小粉子　ɕiɔ⁴¹ fəŋ⁴¹ tʂʅ　做食品时用的淀粉
30,iɔ 韵（收尾）,小生日,ɕiɔ⁴¹ ʂəŋ³¹³ z̩ə,ɕiɔ41 ʂəŋ313 z̩ə,下半年出生，算周岁时可以虚两岁,0,0,0,0,,小生日　ɕiɔ⁴¹ ʂəŋ³¹³ z̩ə　下半年出生，算周岁时可以虚两岁
30,iɔ 韵（收尾）,小饼子,ɕiɔ⁴¹ piŋ⁴¹ tʂʅ,ɕiɔ41 piŋ41 tʂʅ,膝盖骨,0,0,0,0,,小饼子　ɕiɔ⁴¹ piŋ⁴¹ tʂʅ　膝盖骨
30,iɔ 韵（收尾）,小停,ɕiɔ⁴¹ tʻiŋ³⁵,ɕiɔ41 tʻiŋ35,慢慢地、轻轻地：～干活,0,0,0,0,,小停　ɕiɔ⁴¹ tʻiŋ³⁵　慢慢地、轻轻地：～干活
30,iɔ 韵（收尾）,小小停停,ɕiɔ⁴¹ ɕiɔ⁴¹ tʻiŋ³⁵ tʻiŋ³⁵,ɕiɔ41 ɕiɔ41 tʻiŋ35 tʻiŋ35,不慌不忙,0,0,0,0,,小小停停　ɕiɔ⁴¹ ɕiɔ⁴¹ tʻiŋ³⁵ tʻiŋ³⁵　不慌不忙
30,iɔ 韵（收尾）,小性子,ɕiɔ⁴¹ ɕiŋ⁵⁵ tʂʅ,ɕiɔ41 ɕiŋ55 tʂʅ,脾气不好，常因小事发作,0,0,0,0,,小性子　ɕiɔ⁴¹ ɕiŋ⁵⁵ tʂʅ　脾气不好，常因小事发作
30,iɔ 韵（收尾）,小兄,ɕiɔ⁴¹ ɕioŋ³¹³,ɕiɔ41 ɕioŋ313,小弟弟,0,0,0,0,,小兄　ɕiɔ⁴¹ ɕioŋ³¹³　小弟弟
30,iɔ 韵（收尾）,小叔子,ɕiɔ⁴¹ ʂuə¹³ tʂʅ,ɕiɔ41 ʂuə13 tʂʅ,丈夫的弟弟,0,0,0,0,,小叔子　ɕiɔ⁴¹ ʂuə¹³ tʂʅ　丈夫的弟弟
30,iɔ 韵（收尾）,笑贬,ɕiɔ⁵⁵ pie⁴¹,ɕiɔ55 pie41,讽刺、羞辱：～人,0,0,0,0,,笑贬　ɕiɔ⁵⁵ pie⁴¹　讽刺、羞辱：～人
30,iɔ 韵（收尾）,酵头子,ɕiɔ⁵⁵ tʻəu³⁵ tʂʅ,ɕiɔ55 tʻəu35 tʂʅ,发面引子,0,0,0,0,,酵头子　ɕiɔ⁵⁵ tʻəu³⁵ tʂʅ　发面引子
30,iɔ 韵（收尾）,吆,iɔ³¹³,iɔ313,用声音驱赶：～鸡,0,0,0,0,,吆　iɔ³¹³　用声音驱赶：～鸡
30,iɔ 韵（收尾）,咬,iɔ⁴¹,iɔ41,攀比：兵没当成，给人～下来了,0,0,0,0,,咬　iɔ⁴¹　攀比：兵没当成，给人～下来了
30,iɔ 韵（收尾）,咬子,iɔ⁴¹ tʂʅ,iɔ41 tʂʅ,鱼追逐、受精,0,0,0,0,,咬子　iɔ⁴¹ tʂʅ　鱼追逐、受精
30,iɔ 韵（收尾）,咬吊子,iɔ⁴¹ tiɔ⁵⁵ tʂʅ,iɔ41 tiɔ55 tʂʅ,门搭扣,0,0,0,0,,咬吊子　iɔ⁴¹ tiɔ⁵⁵ tʂʅ　门搭扣
30,iɔ 韵（收尾）,要,iɔ⁵⁵,iɔ55,几根草顺方向放在一起挠几下，好捆物品：草～子,0,0,0,0,,要　iɔ⁵⁵　几根草顺方向放在一起挠几下，好捆物品：草～子
30,əu 韵,兜子,təu³¹³ tʂʅ,təu313 tʂʅ,兜肚,0,0,0,0,,兜子　təu³¹³ tʂʅ　兜肚
30,əu 韵,陡然,təu⁴¹ z̩æ̃³⁵,təu41 z̩æ̃35,忽然：～想起来了,0,0,0,0,,陡然　təu⁴¹ z̩æ̃³⁵　忽然：～想起来了
30,əu 韵,陡陡,təu⁴¹ təu⁴¹,təu41 təu41,～来病了,0,0,0,0,,陡陡　təu⁴¹ təu⁴¹　～来病了
30,əu 韵,斗篷,təu⁴¹ pʻəŋ,təu41 pʻəŋ,斗笠,0,0,0,0,,斗篷　təu⁴¹ pʻəŋ　斗笠
30,əu 韵,斗,təu⁵⁵,təu55,对接：两下～起来,0,0,0,0,,斗　təu⁵⁵　对接：两下～起来
30,əu 韵,□,təu⁵⁵,təu55,对、正确,0,0,0,1,〔双审：原书所印空框〕,□〔双审：原书所印空框〕　təu⁵⁵　对、正确
30,əu 韵,逗巧,təu⁵⁵ tɕiɔ⁴¹,təu55 tɕiɔ41,碰巧〔与字汇页13 əu t④□～巧:碰巧互证〕,0,0,0,0,,逗巧　təu⁵⁵ tɕiɔ⁴¹　碰巧〔与字汇页13 əu t④□～巧:碰巧互证〕
30,əu 韵,豆猴,təu⁵⁵ xəu³⁵,təu55 xəu35,豆象,0,0,0,0,,豆猴　təu⁵⁵ xəu³⁵　豆象
30,əu 韵,豆丹,təu⁵⁵ tæ̃³¹³,təu55 tæ̃313,吃黄豆叶儿的大青虫子〔豆丹！连云港名吃原料〕,0,0,0,0,,豆丹　təu⁵⁵ tæ̃³¹³　吃黄豆叶儿的大青虫子〔豆丹！连云港名吃原料〕
30,əu 韵,偷嘴,tʻəu³¹³ tɕei⁴¹,tʻəu313 tɕei41,形容不正当的性关系,0,0,0,0,,偷嘴　tʻəu³¹³ tɕei⁴¹　形容不正当的性关系
30,əu 韵,偷人,tʻəu³¹³ z̩əŋ³⁵,tʻəu313 z̩əŋ35,偷汉子,0,0,0,0,,偷人　tʻəu³¹³ z̩əŋ³⁵　偷汉子
30,əu 韵,投口,tʻəu³⁵ kʻəu⁴¹,tʻəu35 kʻəu41,合口味,0,0,0,0,,投口　tʻəu³⁵ kʻəu⁴¹　合口味
30,əu 韵,俞,tʻəu³⁵,tʻəu35,"用细棍通：～炉子〔与字汇页13 əu tʻ②""用细棍通:～炉子""互证〕",0,0,0,0,"〔已核定案:亼+月+刂,与页13同字互证;原录「剜」订正;音不合照录〕","俞〔已核定案:亼+月+刂,与页13同字互证;原录「剜」订正;音不合照录〕　tʻəu³⁵　用细棍通：～炉子〔与字汇页13 əu tʻ②""用细棍通:～炉子""互证〕"
30,əu 韵,揄,tʻəu³⁵,tʻəu35,"引：白虾子好～奶〔与字汇页13 əu tʻ②""揄引:～奶""互证，揄字定案〕",0,0,0,0,,"揄　tʻəu³⁵　引：白虾子好～奶〔与字汇页13 əu tʻ②""揄引:～奶""互证，揄字定案〕"
30,əu 韵,头,tʻəu³⁵,tʻəu35,①动词后缀：没看～｜有吃～,0,0,0,0,,头　tʻəu³⁵　①动词后缀：没看～｜有吃～
31,əu 韵（续）,头皮子,tʻəu³⁵ pʻi³⁵ tʂʅ,tʻəu35 pʻi35 tʂʅ,头屑,0,0,0,0,,头皮子　tʻəu³⁵ pʻi³⁵ tʂʅ　头屑
31,əu 韵（续）,头茬子,tʻəu³⁵ tʂɑ⁵⁵ tʂʅ,tʻəu35 tʂɑ55 tʂʅ,剃掉的短头发,0,0,0,0,,头茬子　tʻəu³⁵ tʂɑ⁵⁵ tʂʅ　剃掉的短头发
31,əu 韵（续）,头水,tʻəu³⁵ ʂuei⁴¹,tʻəu35 ʂuei41,头一次采摘的瓜果蔬菜：吃～｜卖～,0,0,0,0,,头水　tʻəu³⁵ ʂuei⁴¹　头一次采摘的瓜果蔬菜：吃～｜卖～
31,əu 韵（续）,头年子,tʻəu³⁵ liɛ³⁵ tʂʅ,tʻəu35 liɛ35 tʂʅ,去年,0,0,0,0,,头年子　tʻəu³⁵ liɛ³⁵ tʂʅ　去年
31,əu 韵（续）,头年寒,tʻəu³⁵ liɛ³⁵ xæ̃³⁵,tʻəu35 liɛ35 xæ̃35,去年冬天,0,0,0,0,,头年寒　tʻəu³⁵ liɛ³⁵ xæ̃³⁵　去年冬天
31,əu 韵（续）,头前,tʻəu³⁵ tɕʻiɛ³⁵,tʻəu35 tɕʻiɛ35,①从前：这事在～了还能办②在前边：～带路,0,0,0,0,,头前　tʻəu³⁵ tɕʻiɛ³⁵　①从前：这事在～了还能办②在前边：～带路
31,əu 韵（续）,头生子,tʻəu³⁵ ʂəŋ³¹³ tʂʅ,tʻəu35 ʂəŋ313 tʂʅ,头胎生的孩子,0,0,0,0,,头生子　tʻəu³⁵ ʂəŋ³¹³ tʂʅ　头胎生的孩子
31,əu 韵（续）,头生月,tʻəu³⁵ ʂəŋ³¹³ yə¹³,tʻəu35 ʂəŋ313 yə13,小孩满月,0,0,0,0,,头生月　tʻəu³⁵ ʂəŋ³¹³ yə¹³　小孩满月
31,əu 韵（续）,敨,tʻəu⁴¹,tʻəu41,散了：草个子～了〔与页13 敨互证〕,0,0,0,0,,敨　tʻəu⁴¹　散了：草个子～了〔与页13 敨互证〕
31,əu 韵（续）,透,tʻəu³⁵,tʻəu35,很，用在表示积极意义的形容词前边：～鲜｜～肥｜～活,0,0,0,0,,透　tʻəu³⁵　很，用在表示积极意义的形容词前边：～鲜｜～肥｜～活
31,əu 韵（续）,□,ləu³¹³,ləu313,满：～～一缸水〔双审：原书所印空框；「=溜」仅为推测，页13互证存注〕,0,0,0,1,,□　ləu³¹³　满：～～一缸水〔双审：原书所印空框；「=溜」仅为推测，页13互证存注〕
31,əu 韵（续）,露白,ləu⁵⁵ pə¹³,ləu55 pə13,显露：有财莫～，～会招贼,0,0,0,0,,露白　ləu⁵⁵ pə¹³　显露：有财莫～，～会招贼
31,əu 韵（续）,周,tʂəu³¹³,tʂəu313,周年：上～坟,0,0,0,0,,周　tʂəu³¹³　周年：上～坟
31,əu 韵（续）,周正,tʂəu³¹³ tʂəŋ,tʂəu313 tʂəŋ,端正：长～,0,0,0,0,,周正　tʂəu³¹³ tʂəŋ　端正：长～
31,əu 韵（续）,扭,tʂəu⁴¹,tʂəu41,拧：～罗丝｜铁丝～断了,0,0,0,0,,扭　tʂəu⁴¹　拧：～罗丝｜铁丝～断了
31,əu 韵（续）,扭子,tʂəu⁴¹ tʂʅ,tʂəu41 tʂʅ,不合作、难相处的人,0,0,0,0,,扭子　tʂəu⁴¹ tʂʅ　不合作、难相处的人
31,əu 韵（续）,扭丝⿰番攵形字头,tʂəu⁴¹ ʂɿ pʻæ̃⁵⁵ tʻəu³⁵,tʂəu41 ʂɿ pʻæ̃55 tʻəu35,①木材纹理不顺②指人不讲道理、难缠,0,0,0,0,〔双审：第三字=番+攵（3x），攉候选排除；pʻæ̃⁵⁵ 音节用字待考照录〕,扭丝⿰番攵形字头〔双审：第三字=番+攵（3x），攉候选排除；pʻæ̃⁵⁵ 音节用字待考照录〕　tʂəu⁴¹ ʂɿ pʻæ̃⁵⁵ tʻəu³⁵　①木材纹理不顺②指人不讲道理、难缠
31,əu 韵（续）,走尸鬼,tʂəu⁴¹ ʂɿ³¹³ kuei⁴¹,tʂəu41 ʂɿ313 kuei41,起来行走的尸体,0,0,0,0,,走尸鬼　tʂəu⁴¹ ʂɿ³¹³ kuei⁴¹　起来行走的尸体
31,əu 韵（续）,走冻,tʂəu⁴¹ toŋ⁵⁵,tʂəu41 toŋ55,滑冰。也叫滑冻,0,0,0,0,,走冻　tʂəu⁴¹ toŋ⁵⁵　滑冰。也叫滑冻
31,əu 韵（续）,走色,tʂəu⁴¹ ʂə¹³,tʂəu41 ʂə13,①褪色②因紧张而脸变色,0,0,0,0,,走色　tʂəu⁴¹ ʂə¹³　①褪色②因紧张而脸变色
31,əu 韵（续）,奏,tʂəu⁵⁵,tʂəu55,做：～活｜～饭｜～梦｜姑～婆,0,0,0,0,,奏　tʂəu⁵⁵　做：～活｜～饭｜～梦｜姑～婆
31,əu 韵（续）,□,tʂʻəu³¹³,tʂʻəu313,让风吹干：湿衣服挂出去～～〔与页13 tʂʻ①□让风吹干互证〕,0,0,0,1,,□　tʂʻəu³¹³　让风吹干：湿衣服挂出去～～〔与页13 tʂʻ①□让风吹干互证〕
31,əu 韵（续）,抽风,tʂʻəu³¹³ fəŋ³¹³,tʂʻəu313 fəŋ313,抽筋,0,0,0,0,,抽风　tʂʻəu³¹³ fəŋ³¹³　抽筋
31,əu 韵（续）,瞅蛋,tʂʻəu⁴¹ tæ̃⁵⁵,tʂʻəu41 tæ̃55,鳖交配,0,0,0,0,,瞅蛋　tʂʻəu⁴¹ tæ̃⁵⁵　鳖交配
31,əu 韵（续）,臭蛋丸,tʂʻəu⁴¹ tæ̃⁵⁵ õ³⁵,tʂʻəu41 tæ̃55 õ35,樟脑丸,0,0,0,0,,臭蛋丸　tʂʻəu⁴¹ tæ̃⁵⁵ õ³⁵　樟脑丸
31,əu 韵（续）,臭骨头,tʂʻəu⁵⁵ kuə¹³ tə,tʂʻəu55 kuə13 tə,狐臭,0,0,0,0,,臭骨头　tʂʻəu⁵⁵ kuə¹³ tə　狐臭
31,əu 韵（续）,手指盖子,ʂəu⁴¹ tʂʅ³¹³ kɛ⁵⁵ tʂʅ,ʂəu41 tʂʅ313 kɛ55 tʂʅ,指甲,0,0,0,0,,手指盖子　ʂəu⁴¹ tʂʅ³¹³ kɛ⁵⁵ tʂʅ　指甲
31,əu 韵（续）,手面子,ʂəu⁴¹ miɛ̃⁵⁵ tʂʅ,ʂəu41 miɛ̃55 tʂʅ,手背,0,0,0,0,,手面子　ʂəu⁴¹ miɛ̃⁵⁵ tʂʅ　手背
31,əu 韵（续）,手尖眼快,ʂəu⁴¹ tɕiɛ̃³¹³ iæ̃⁵⁵ kʻuɛ⁵⁵,ʂəu41 tɕiɛ̃313 iæ̃55 kʻuɛ55,反应快、动作快,0,0,0,0,,手尖眼快　ʂəu⁴¹ tɕiɛ̃³¹³ iæ̃⁵⁵ kʻuɛ⁵⁵　反应快、动作快
31,əu 韵（续）,手方子,ʂəu⁴¹ fɑŋ³¹³ tʂʅ,ʂəu41 fɑŋ313 tʂʅ,手绢儿,0,0,0,0,,手方子　ʂəu⁴¹ fɑŋ³¹³ tʂʅ　手绢儿
31,əu 韵（续）,手巾方子,ʂəu⁴¹ tɕiŋ³¹³ fɑŋ³¹³ tʂʅ,ʂəu41 tɕiŋ313 fɑŋ313 tʂʅ,,0,0,0,0,,手巾方子　ʂəu⁴¹ tɕiŋ³¹³ fɑŋ³¹³ tʂʅ
31,əu 韵（续）,手巾框子,ʂəu⁴¹ tɕiŋ³¹³ kuɑŋ³¹³ tʂʅ,ʂəu41 tɕiŋ313 kuɑŋ313 tʂʅ,,0,0,0,0,,手巾框子　ʂəu⁴¹ tɕiŋ³¹³ kuɑŋ³¹³ tʂʅ
31,əu 韵（续）,手脖子,ʂəu⁴¹ pə¹³ tʂʅ,ʂəu41 pə13 tʂʅ,手腕,0,0,0,0,,手脖子　ʂəu⁴¹ pə¹³ tʂʅ　手腕
31,əu 韵（续）,守,ʂəu⁴¹,ʂəu41,等：～人｜～车｜～着,0,0,0,0,,守　ʂəu⁴¹　等：～人｜～车｜～着
31,əu 韵（续）,守生婆,ʂəu⁴¹ ʂəŋ³¹³ pʻɔ³⁵,ʂəu41 ʂəŋ313 pʻɔ35,接生婆,0,0,0,0,,守生婆　ʂəu⁴¹ ʂəŋ³¹³ pʻɔ³⁵　接生婆
31,əu 韵（续）,受,ʂəu⁵⁵,ʂəu55,①耐：这人长不～看②受苦：活～,0,0,0,0,,受　ʂəu⁵⁵　①耐：这人长不～看②受苦：活～
31,əu 韵（续）,瘦巴拉几,ʂəu⁵⁵ pə lɑ³¹³ tɕi,ʂəu55 pə lɑ313 tɕi,精瘦的样儿,0,0,0,0,,瘦巴拉几　ʂəu⁵⁵ pə lɑ³¹³ tɕi　精瘦的样儿
31,əu 韵（续）,瘦筋巴拉,ʂəu⁵⁵ tɕiŋ³¹³ pɑ³¹³ lɑ³¹³,ʂəu55 tɕiŋ313 pɑ313 lɑ313,,0,0,0,0,,瘦筋巴拉　ʂəu⁵⁵ tɕiŋ³¹³ pɑ³¹³ lɑ³¹³
31,əu 韵（续）,瘦精精,ʂəu⁵⁵ tɕiŋ³¹³ tɕiŋ³¹³,ʂəu55 tɕiŋ313 tɕiŋ313,人瘦却有精神,0,0,0,0,,瘦精精　ʂəu⁵⁵ tɕiŋ³¹³ tɕiŋ³¹³　人瘦却有精神
31,əu 韵（续）,□,z̩əu³¹³,z̩əu313,"①扔：把这截绳子～过去②打：～头一棍③理采：不～你〔与页17 z̩ əu①三□互证并字：实为一字三义，页17""照""为""打""之误读〕",0,0,0,1,,"□　z̩əu³¹³　①扔：把这截绳子～过去②打：～头一棍③理采：不～你〔与页17 z̩ əu①三□互证并字：实为一字三义，页17""照""为""打""之误读〕"
31,əu 韵（续）,肉刺,z̩əu⁵⁵ tʂʻɿ⁵⁵,z̩əu55 tʂʻɿ55,田间劳动时，指甲沟附近被磨得根根象刺一样的皮肤,0,0,0,0,,肉刺　z̩əu⁵⁵ tʂʻɿ⁵⁵　田间劳动时，指甲沟附近被磨得根根象刺一样的皮肤
31,əu 韵（续）,肉踒踒,z̩əu⁵⁵ tʂue⁴¹ tʂue⁴¹,z̩əu55 tʂue41 tʂue41,肌肉丰满、结实,0,0,0,0,,肉踒踒　z̩əu⁵⁵ tʂue⁴¹ tʂue⁴¹　肌肉丰满、结实
31,əu 韵（续）,肉头,z̩əu⁵⁵ tʻəu³⁵,z̩əu55 tʻəu35,①富而吝啬的人②壮丁,0,0,0,0,,肉头　z̩əu⁵⁵ tʻəu³⁵　①富而吝啬的人②壮丁
31,əu 韵（续）,狗里肮脏,kəu⁴¹ li⁴¹ ɑŋ³¹³ tsɑŋ³¹³,kəu41 li41 ɑŋ313 tsɑŋ313,①脏、乱：地上弄～的②令人不满：这事办～的,0,0,0,0,,狗里肮脏　kəu⁴¹ li⁴¹ ɑŋ³¹³ tsɑŋ³¹³　①脏、乱：地上弄～的②令人不满：这事办～的
31,əu 韵（续）,狗走槽子,kəu⁴¹ tʂəu⁴¹ tʂʻɔ³⁵ tʂʅ,kəu41 tʂəu41 tʂʻɔ35 tʂʅ,狗交配,0,0,0,0,,狗走槽子　kəu⁴¹ tʂəu⁴¹ tʂʻɔ³⁵ tʂʅ　狗交配
31,əu 韵（续）,狗脸栽毛,kəu⁴¹ liɛ⁴¹ tsɛ³¹³ mɔ³⁵,kəu41 liɛ41 tsɛ313 mɔ35,易动怒变脸,0,0,0,0,,狗脸栽毛　kəu⁴¹ liɛ⁴¹ tsɛ³¹³ mɔ³⁵　易动怒变脸
31,əu 韵（续）,狗蝇,kəu⁴¹ iŋ³⁵,kəu41 iŋ35,狗虱子,0,0,0,0,,狗蝇　kəu⁴¹ iŋ³⁵　狗虱子
31,əu 韵（续）,够,kəu⁵⁵,kəu55,拿高处、远处的物品：站在桌子上才能～着,0,0,0,0,,够　kəu⁵⁵　拿高处、远处的物品：站在桌子上才能～着
31,əu 韵（续）,够人,kəu⁵⁵ z̩əŋ³⁵,kəu55 z̩əŋ35,使人讨厌,0,0,0,0,,够人　kəu⁵⁵ z̩əŋ³⁵　使人讨厌
31,əu 韵（续）,抠,kʻəu³¹³,kʻəu313,吝啬,0,0,0,0,,抠　kʻəu³¹³　吝啬
31,əu 韵（续）,□,kʻəu³⁵,kʻəu35,脾气凶狠：～喳喳的〔双审：原书所印空框〕,0,0,0,1,,□　kʻəu³⁵　脾气凶狠：～喳喳的〔双审：原书所印空框〕
32,əu 韵（收尾）,口面,kʻəu⁴¹ miɛ̃⁵⁵,kʻəu41 miɛ̃55,布匹的宽度,0,0,0,0,,口面　kʻəu⁴¹ miɛ̃⁵⁵　布匹的宽度
32,əu 韵（收尾）,齁受,xəu³¹³ ʂəu⁵⁵,xəu313 ʂəu55,后悔、埋怨,0,0,0,0,,齁受　xəu³¹³ ʂəu⁵⁵　后悔、埋怨
32,əu 韵（收尾）,齁咸,xəu³¹³ ɕiæ̃³⁵,xəu313 ɕiæ̃35,味儿很咸,0,0,0,0,,齁咸　xəu³¹³ ɕiæ̃³⁵　味儿很咸
32,əu 韵（收尾）,齁脖子,xəu³¹³ pə¹³ tʂʅ,xəu313 pə13 tʂʅ,哮喘病人,0,0,0,0,,齁脖子　xəu³¹³ pə¹³ tʂʅ　哮喘病人
32,əu 韵（收尾）,猴,xəu³⁵,xəu35,调皮：～蹦的｜～出脑的,0,0,0,0,,猴　xəu³⁵　调皮：～蹦的｜～出脑的
32,əu 韵（收尾）,厚,xəu⁵⁵,xəu55,稠：粥饭太～了,0,0,0,0,,厚　xəu⁵⁵　稠：粥饭太～了
32,əu 韵（收尾）,后襟头子,xəu⁵⁵ tɕiŋ³¹³ tʻəu³⁵ tʂʅ,xəu55 tɕiŋ313 tʻəu35 tʂʅ,后背,0,0,0,0,,后襟头子　xəu⁵⁵ tɕiŋ³¹³ tʻəu³⁵ tʂʅ　后背
32,əu 韵（收尾）,后婚头子,xəu⁵⁵ xoŋ³¹³ tʻəu³⁵ tʂʅ,xəu55 xoŋ313 tʻəu35 tʂʅ,再婚的人,0,0,0,0,,后婚头子　xəu⁵⁵ xoŋ³¹³ tʻəu³⁵ tʂʅ　再婚的人
32,əu 韵（收尾）,沤酱,əu³¹³ tɕiɑŋ⁵⁵,əu313 tɕiɑŋ55,制酱,0,0,0,0,,沤酱　əu³¹³ tɕiɑŋ⁵⁵　制酱
32,əu 韵（收尾）,熰,əu⁴¹,əu41,有烟无明火地烧：～狼烟〔与字汇页13 əu ø③火旁难字～狼烟互证，熰字定案〕,0,0,0,0,,熰　əu⁴¹　有烟无明火地烧：～狼烟〔与字汇页13 əu ø③火旁难字～狼烟互证，熰字定案〕
32,iəu 韵,丢松,tiəu³¹³ soŋ³¹³,tiəu313 soŋ313,放松：一～他就跑了,0,0,0,0,,丢松　tiəu³¹³ soŋ³¹³　放松：一～他就跑了
32,iəu 韵,流球货,liəu³⁵ tɕiəu³⁵ xɔ⁵⁵,liəu35 tɕiəu35 xɔ55,无懒,0,0,0,0,,流球货　liəu³⁵ tɕiəu³⁵ xɔ⁵⁵　无懒
32,iəu 韵,柳树绒子,liəu³⁵ ʂu⁵⁵ z̩oŋ³⁵ tʂʅ,liəu35 ʂu55 z̩oŋ35 tʂʅ,柳絮,0,0,0,0,,柳树绒子　liəu³⁵ ʂu⁵⁵ z̩oŋ³⁵ tʂʅ　柳絮
32,iəu 韵,牛缰,liəu³⁵ tʂəŋ⁵⁵,liəu35 tʂəŋ55,牛缰绳,0,0,0,0,,牛缰　liəu³⁵ tʂəŋ⁵⁵　牛缰绳
32,iəu 韵,牛嗡子,liəu³⁵ oŋ⁴¹ tʂʅ,liəu35 oŋ41 tʂʅ,水牛犊子,0,0,0,0,,牛嗡子　liəu³⁵ oŋ⁴¹ tʂʅ　水牛犊子
32,iəu 韵,扭,liəu⁴¹,liəu41,刚谢花的小瓜：瓜～子｜刚打～,0,0,0,0,,扭　liəu⁴¹　刚谢花的小瓜：瓜～子｜刚打～
32,iəu 韵,纽,liəu⁴¹,liəu41,动词：把扣子～起来,0,0,0,0,,纽　liəu⁴¹　动词：把扣子～起来
32,iəu 韵,留门子,liəu⁵⁵ məŋ³⁵ tʂʅ,liəu55 məŋ35 tʂʅ,串门儿,0,0,0,0,,留门子　liəu⁵⁵ məŋ³⁵ tʂʅ　串门儿
32,iəu 韵,馏列子,liəu⁵⁵ liə¹³ tʂʅ,liəu55 liə13 tʂʅ,算列子,0,0,0,0,,馏列子　liəu⁵⁵ liə¹³ tʂʅ　算列子
32,iəu 韵,溜活,liəu⁵⁵ xuə¹³,liəu55 xuə13,敏捷、勤快：腿～的,0,0,0,0,,溜活　liəu⁵⁵ xuə¹³　敏捷、勤快：腿～的
32,iəu 韵,就,tɕiəu⁵⁵,tɕiəu55,①聚拢：两下～～，开会了②乘便：～汤下面③菜配合着酒、饭一起吃：鸭蛋～饭,0,0,0,0,,就　tɕiəu⁵⁵　①聚拢：两下～～，开会了②乘便：～汤下面③菜配合着酒、饭一起吃：鸭蛋～饭
32,iəu 韵,就子,tɕiəu⁵⁵ tʂʅ,tɕiəu55 tʂʅ,菜肴,0,0,0,0,,就子　tɕiəu⁵⁵ tʂʅ　菜肴
32,iəu 韵,就地,tɕiəu⁵⁵ ti⁵⁵,tɕiəu55 ti55,地上：在～上,0,0,0,0,,就地　tɕiəu⁵⁵ ti⁵⁵　地上：在～上
32,iəu 韵,就筋,tɕiəu⁵⁵ tɕiŋ³¹³,tɕiəu55 tɕiŋ313,肌肉痉挛：腿肚子～了,0,0,0,0,,就筋　tɕiəu⁵⁵ tɕiŋ³¹³　肌肉痉挛：腿肚子～了
32,iəu 韵,舅爹,tɕiəu⁵⁵ tɪ³¹³,tɕiəu55 tɪ313,外祖父,0,0,0,0,,舅爹　tɕiəu⁵⁵ tɪ³¹³　外祖父
32,iəu 韵,舅老爷,tɕiəu⁵⁵ lɔ⁴¹ ɪ³¹³,tɕiəu55 lɔ41 ɪ313,妻子的兄弟,0,0,0,0,,舅老爷　tɕiəu⁵⁵ lɔ⁴¹ ɪ³¹³　妻子的兄弟
32,iəu 韵,舅奶奶,tɕiəu⁵⁵ lɛ⁴¹ lɛ⁴¹,tɕiəu55 lɛ41 lɛ41,外祖母,0,0,0,0,,舅奶奶　tɕiəu⁵⁵ lɛ⁴¹ lɛ⁴¹　外祖母
32,iəu 韵,□,iəu³¹³,iəu313,用力向远方甩,0,0,0,1,,□　iəu³¹³　用力向远方甩
32,iəu 韵,蚰子,iəu³⁵ tʂʅ,iəu35 tʂʅ,麦象，昆虫,0,0,0,0,,蚰子　iəu³⁵ tʂʅ　麦象，昆虫
32,iəu 韵,油拉拉,iəu³⁵ lɑ³¹³ lɑ³¹³,iəu35 lɑ313 lɑ313,油汪汪,0,0,0,0,,油拉拉　iəu³⁵ lɑ³¹³ lɑ³¹³　油汪汪
32,iəu 韵,油滑嘴,iəu³⁵ xuə¹³ tɕei⁴¹,iəu35 xuə13 tɕei41,说话油滑，善于狡辩,0,0,0,0,,油滑嘴　iəu³⁵ xuə¹³ tɕei⁴¹　说话油滑，善于狡辩
32,iəu 韵,油果子,iəu³⁵ kɔ⁴¹ tʂʅ,iəu35 kɔ41 tʂʅ,油条,0,0,0,0,,油果子　iəu³⁵ kɔ⁴¹ tʂʅ　油条
32,iəu 韵,油皮,iəu³⁵ pʻi³⁵,iəu35 pʻi35,皮肤的表层,0,0,0,0,,油皮　iəu³⁵ pʻi³⁵　皮肤的表层
32,iəu 韵,有,iəu⁴¹,iəu41,"构成""有+动词+头""的格式：～干头｜～吃头｜～耍头｜～看头",0,0,0,0,,"有　iəu⁴¹　构成""有+动词+头""的格式：～干头｜～吃头｜～耍头｜～看头"
32,æ̃ 韵,班辈,pæ̃³¹³ pei⁵⁵,pæ̃313 pei55,行辈,0,0,0,0,,班辈　pæ̃³¹³ pei⁵⁵　行辈
32,æ̃ 韵,板牙,pæ̃⁴¹ iɑ³⁵,pæ̃41 iɑ35,白齿,0,0,0,0,,板牙　pæ̃⁴¹ iɑ³⁵　白齿
32,æ̃ 韵,板正,pæ̃⁴¹ tʂəŋ,pæ̃41 tʂəŋ,①端正、整齐②正派、严肃,0,0,0,0,,板正　pæ̃⁴¹ tʂəŋ　①端正、整齐②正派、严肃
32,æ̃ 韵,番瓜,fæ̃³¹³ kuɑ³¹³,fæ̃313 kuɑ313,南瓜的一种，长弯形，前粗后细，成熟后表皮红色,0,0,0,0,,番瓜　fæ̃³¹³ kuɑ³¹³　南瓜的一种，长弯形，前粗后细，成熟后表皮红色
32,æ̃ 韵,翻,fæ̃³¹³,fæ̃313,搜查：我没拿，不信就～,0,0,0,0,,翻　fæ̃³¹³　搜查：我没拿，不信就～
32,æ̃ 韵,翻嘴吊舌,fæ̃³¹³ tɕei⁴¹ tiɔ⁵⁵ ʂə¹³,fæ̃313 tɕei41 tiɔ55 ʂə13,狡辩，指晚辈向长辈争辩,0,0,0,0,,翻嘴吊舌　fæ̃³¹³ tɕei⁴¹ tiɔ⁵⁵ ʂə¹³　狡辩，指晚辈向长辈争辩
32,æ̃ 韵,翻臊,fæ̃³¹³ ʂɔ³¹³,fæ̃313 ʂɔ313,说脏话,0,0,0,0,,翻臊　fæ̃³¹³ ʂɔ³¹³　说脏话
32,æ̃ 韵,翻头,fæ̃³¹³ tʻəu³⁵,fæ̃313 tʻəu35,不守规矩、乱出新点子,0,0,0,0,,翻头　fæ̃³¹³ tʻəu³⁵　不守规矩、乱出新点子
32,æ̃ 韵,翻单被,fæ̃³¹³ tæ̃³¹³ pei⁵⁵,fæ̃313 tæ̃313 pei55,翻绳，游戏,0,0,0,0,,翻单被　fæ̃³¹³ tæ̃³¹³ pei⁵⁵　翻绳，游戏
32,æ̃ 韵,翻眼王,fæ̃³¹³ iæ̃⁴¹ uɑŋ³⁵,fæ̃313 iæ̃41 uɑŋ35,易变脸发怒的人,0,0,0,0,,翻眼王　fæ̃³¹³ iæ̃⁴¹ uɑŋ³⁵　易变脸发怒的人
32,æ̃ 韵,翻跟虫,fæ̃³¹³ kəŋ³¹³ tʂʻoŋ³⁵,fæ̃313 kəŋ313 tʂʻoŋ35,蚊子的幼虫,0,0,0,0,,翻跟虫　fæ̃³¹³ kəŋ³¹³ tʂʻoŋ³⁵　蚊子的幼虫
32,æ̃ 韵,翻心,fæ̃³¹³ ɕiŋ³¹³,fæ̃313 ɕiŋ313,胃部难受，想吐,0,0,0,0,,翻心　fæ̃³¹³ ɕiŋ³¹³　胃部难受，想吐
32,æ̃ 韵,烦神,fæ̃³⁵ ʂəŋ³⁵,fæ̃35 ʂəŋ35,思虑、忧愁,0,0,0,0,,烦神　fæ̃³⁵ ʂəŋ³⁵　思虑、忧愁
32,æ̃ 韵,犯犟,fæ̃⁵⁵ tɕiɑŋ⁵⁵,fæ̃55 tɕiɑŋ55,犟嘴,0,0,0,0,,犯犟　fæ̃⁵⁵ tɕiɑŋ⁵⁵　犟嘴
32,æ̃ 韵,饭牙,fæ̃⁵⁵ iɑ³⁵,fæ̃55 iɑ35,恒牙,0,0,0,0,,饭牙　fæ̃⁵⁵ iɑ³⁵　恒牙
32,æ̃ 韵,饭帚,fæ̃⁵⁵ tʂəu,fæ̃55 tʂəu,刷锅洗碗用具，一般用脱过粒儿的高粱穗子扎成,0,0,0,0,,饭帚　fæ̃⁵⁵ tʂəu　刷锅洗碗用具，一般用脱过粒儿的高粱穗子扎成
32,æ̃ 韵,单,tæ̃³¹³,tæ̃313,①偏要：不要我去，～去②专门：～看是谁干得坏事,0,0,0,0,,单　tæ̃³¹³　①偏要：不要我去，～去②专门：～看是谁干得坏事
32,æ̃ 韵,单怕,tæ̃³¹³ pʻɑ⁵⁵,tæ̃313 pʻɑ55,只怕：不怕一万，～,0,0,0,0,,单怕　tæ̃³¹³ pʻɑ⁵⁵　只怕：不怕一万，～
33,æ̃ 韵（续）,单溜,tæ̃³¹³ liəu³¹³,tæ̃313 liəu313,独自行动,0,0,0,0,,单溜　tæ̃³¹³ liəu³¹³　独自行动
33,æ̃ 韵（续）,单眼箍,tæ̃³¹³ iæ̃⁴¹ ku³¹³,tæ̃313 iæ̃41 ku313,单眼皮,0,0,0,0,,单眼箍　tæ̃³¹³ iæ̃⁴¹ ku³¹³　单眼皮
33,æ̃ 韵（续）,单饼,tæ̃³¹³ piŋ⁴¹,tæ̃313 piŋ41,薄面饼,0,0,0,0,,单饼　tæ̃³¹³ piŋ⁴¹　薄面饼
33,æ̃ 韵（续）,单功,tæ̃³¹³ koŋ³¹³,tæ̃313 koŋ313,特意：～为你做的,0,0,0,0,,单功　tæ̃³¹³ koŋ³¹³　特意：～为你做的
33,æ̃ 韵（续）,单么,tæ̃³¹³ mə,tæ̃313 mə,可能：～是他干的,0,0,0,0,,单么　tæ̃³¹³ mə　可能：～是他干的
33,æ̃ 韵（续）,单不了,tæ̃³¹³ pə¹³ lɔ⁴¹,tæ̃313 pə13 lɔ41,,0,0,0,0,,单不了　tæ̃³¹³ pə¹³ lɔ⁴¹
33,æ̃ 韵（续）,淡不拉叽,tæ̃⁵⁵ pə lɑ³¹³ tɕi³¹³,tæ̃55 pə lɑ313 tɕi313,味道淡,0,0,0,0,,淡不拉叽　tæ̃⁵⁵ pə lɑ³¹³ tɕi³¹³　味道淡
33,æ̃ 韵（续）,旦麦,tæ̃⁵⁵ mə¹³,tæ̃55 mə13,大麦,0,0,0,0,,旦麦　tæ̃⁵⁵ mə¹³　大麦
33,æ̃ 韵（续）,但番,tæ̃⁵⁵ fæ̃³¹³,tæ̃55 fæ̃313,只要：你～认真，也不至于考不上重点中学,0,0,0,0,,但番　tæ̃⁵⁵ fæ̃³¹³　只要：你～认真，也不至于考不上重点中学
33,æ̃ 韵（续）,蛋,tæ̃⁵⁵,tæ̃55,睾丸,0,0,0,0,,蛋　tæ̃⁵⁵　睾丸
33,æ̃ 韵（续）,摊,tʻæ̃,tʻæ̃,轮到：～你值班｜～谁谁干,0,0,0,0,,摊　tʻæ̃　轮到：～你值班｜～谁谁干
33,æ̃ 韵（续）,弹绒,tʻæ̃³⁵ z̩oŋ³⁵,tʻæ̃35 z̩oŋ35,禽鸟交配,0,0,0,0,,弹绒　tʻæ̃³⁵ z̩oŋ³⁵　禽鸟交配
33,æ̃ 韵（续）,叹性,tʻæ̃⁵⁵ ɕiŋ⁵⁵,tʻæ̃55 ɕiŋ55,失望：儿子一走不回，他也望～了,0,0,0,0,,叹性　tʻæ̃⁵⁵ ɕiŋ⁵⁵　失望：儿子一走不回，他也望～了
33,æ̃ 韵（续）,探网,tʻæ̃⁵⁵ uɑŋ⁴¹,tʻæ̃55 uɑŋ41,装上长竹杆的小鱼网,0,0,0,0,,探网　tʻæ̃⁵⁵ uɑŋ⁴¹　装上长竹杆的小鱼网
33,æ̃ 韵（续）,懒龙,læ̃⁴¹ loŋ³⁵,læ̃41 loŋ35,懒汉,0,0,0,0,,懒龙　læ̃⁴¹ loŋ³⁵　懒汉
33,æ̃ 韵（续）,难为,læ̃³⁵ uei³⁵,læ̃35 uei35,愁：犯～,0,0,0,0,,难为　læ̃³⁵ uei³⁵　愁：犯～
33,æ̃ 韵（续）,难缠头,læ̃³⁵ tʂʻæ̃³⁵,læ̃35 tʂʻæ̃35,难相处的人,0,0,0,0,,难缠头　læ̃³⁵ tʂʻæ̃³⁵　难相处的人
33,æ̃ 韵（续）,难不成,læ̃³⁵ pə tʂʻəŋ³⁵,læ̃35 pə tʂʻəŋ35,难道……不成：～就这样子了,0,0,0,0,,难不成　læ̃³⁵ pə tʂʻəŋ³⁵　难道……不成：～就这样子了
33,æ̃ 韵（续）,蓝水,læ̃³⁵ ʂuei⁴¹,læ̃35 ʂuei41,蓝墨水,0,0,0,0,,蓝水　læ̃³⁵ ʂuei⁴¹　蓝墨水
33,æ̃ 韵（续）,烂,læ̃⁵⁵,læ̃55,很、非常：～酸｜～腥,0,0,0,0,,烂　læ̃⁵⁵　很、非常：～酸｜～腥
33,æ̃ 韵（续）,烂泥面子,læ̃⁵⁵ li³⁵ miɛ̃⁵⁵ tʂʅ,læ̃55 li35 miɛ̃55 tʂʅ,干土面儿,0,0,0,0,,烂泥面子　læ̃⁵⁵ li³⁵ miɛ̃⁵⁵ tʂʅ　干土面儿
33,æ̃ 韵（续）,烂沫淤,læ̃⁵⁵ mə¹³ y³¹³,læ̃55 mə13 y313,淤泥,0,0,0,0,,烂沫淤　læ̃⁵⁵ mə¹³ y³¹³　淤泥
33,æ̃ 韵（续）,烂淤,læ̃⁵⁵ y³¹³,læ̃55 y313,,0,0,0,0,,烂淤　læ̃⁵⁵ y³¹³
33,æ̃ 韵（续）,簪,tʂæ̃³¹³,tʂæ̃313,投掷后插入：标枪～在地上了,0,0,0,0,,簪　tʂæ̃³¹³　投掷后插入：标枪～在地上了
33,æ̃ 韵（续）,斩脚,tʂæ̃⁴¹ tɕyə¹³,tʂæ̃41 tɕyə13,地面以下的石基础,0,0,0,0,,斩脚　tʂæ̃⁴¹ tɕyə¹³　地面以下的石基础
33,æ̃ 韵（续）,儹,tʂæ̃⁴¹,tʂæ̃41,整齐：一～齐,0,0,0,0,,儹　tʂæ̃⁴¹　整齐：一～齐
33,æ̃ 韵（续）,站,tʂæ̃³¹³,tʂæ̃313,停：车到锦屏也不～～,0,0,0,0,,站　tʂæ̃³¹³　停：车到锦屏也不～～
33,æ̃ 韵（续）,□,tʂʻæ̃³¹³,tʂʻæ̃313,啄：鸡～米〔与页14 tʂʻ-æ̃①□啄:鸡～米互证〕,0,0,0,1,,□　tʂʻæ̃³¹³　啄：鸡～米〔与页14 tʂʻ-æ̃①□啄:鸡～米互证〕
33,æ̃ 韵（续）,□,tʂʻæ̃³¹³,tʂʻæ̃313,钉：钉子把鞋跟～上〔与页14 tʂʻ-æ̃①□钉:～鞋互证〕,0,0,0,1,,□　tʂʻæ̃³¹³　钉：钉子把鞋跟～上〔与页14 tʂʻ-æ̃①□钉:～鞋互证〕
33,æ̃ 韵（续）,□,tʂʻæ̃³⁵,tʂʻæ̃35,凿：～磨,0,0,0,1,,□　tʂʻæ̃³⁵　凿：～磨
33,æ̃ 韵（续）,□,tʂʻæ̃³⁵,tʂʻæ̃35,①捣：～蒜②批评：你是大蒜剥皮找挨～,0,0,0,1,,□　tʂʻæ̃³⁵　①捣：～蒜②批评：你是大蒜剥皮找挨～
33,æ̃ 韵（续）,馋虫,tʂʻæ̃³⁵ tʂʻoŋ³⁵,tʂʻæ̃35 tʂʻoŋ35,好吃的人,0,0,0,0,,馋虫　tʂʻæ̃³⁵ tʂʻoŋ³⁵　好吃的人
33,æ̃ 韵（续）,糁子,tʂʻæ̃⁴¹ tʂʅ,tʂʻæ̃41 tʂʅ,也指稗草,0,0,0,0,,糁子　tʂʻæ̃⁴¹ tʂʅ　也指稗草
33,æ̃ 韵（续）,插,tʂʻæ̃³¹³,tʂʻæ̃313,插：把棍～在地上,0,0,0,0,〔已核:扌+臿;音不合系原书照录〕,插〔已核:扌+臿;音不合系原书照录〕　tʂʻæ̃³¹³　插：把棍～在地上
33,æ̃ 韵（续）,三只手,ʂæ̃³¹³ tʂʅ³¹³ ʂəu⁴¹,ʂæ̃313 tʂʅ313 ʂəu41,小偷,0,0,0,0,,三只手　ʂæ̃³¹³ tʂʅ³¹³ ʂəu⁴¹　小偷
33,æ̃ 韵（续）,三花两绕,ʂæ̃³¹³ xuɑ³¹³ liɑŋ⁴¹ z̩ɔ⁵⁵,ʂæ̃313 xuɑ313 liɑŋ41 z̩ɔ55,三两下，快速：～就干完了,0,0,0,0,,三花两绕　ʂæ̃³¹³ xuɑ³¹³ liɑŋ⁴¹ z̩ɔ⁵⁵　三两下，快速：～就干完了
33,æ̃ 韵（续）,三朝,ʂæ̃³¹³ tʂɔ³¹³,ʂæ̃313 tʂɔ313,婴儿出生第三天,0,0,0,0,,三朝　ʂæ̃³¹³ tʂɔ³¹³　婴儿出生第三天
33,æ̃ 韵（续）,三脚毛,ʂæ̃³¹³ tɕyə¹³ mɔ³⁵,ʂæ̃313 tɕyə13 mɔ35,对某项技术所知甚少不精通的人,0,0,0,0,,三脚毛　ʂæ̃³¹³ tɕyə¹³ mɔ³⁵　对某项技术所知甚少不精通的人
33,æ̃ 韵（续）,山芋,ʂæ̃³¹³,ʂæ̃313,y　甘薯,0,0,0,0,,山芋　ʂæ̃³¹³ y　甘薯
33,æ̃ 韵（续）,山马菜,ʂæ̃³¹³ mɑ⁴¹ tʂʻɛ⁵⁵,ʂæ̃313 mɑ41 tʂʻɛ55,山坡上的野菜，叶比马齿苋叶大，可食,0,0,0,0,,山马菜　ʂæ̃³¹³ mɑ⁴¹ tʂʻɛ⁵⁵　山坡上的野菜，叶比马齿苋叶大，可食
33,æ̃ 韵（续）,山嘴子,ʂæ̃³¹³ tɕei⁴¹ tʂʅ,ʂæ̃313 tɕei41 tʂʅ,山脚伸出的地方,0,0,0,0,,山嘴子　ʂæ̃³¹³ tɕei⁴¹ tʂʅ　山脚伸出的地方
33,æ̃ 韵（续）,山水牛牛,ʂæ̃³¹³ ʂuei⁴¹ liəu³⁵ liəu,ʂæ̃313 ʂuei41 liəu35 liəu,天牛,0,0,0,0,,山水牛牛　ʂæ̃³¹³ ʂuei⁴¹ liəu³⁵ liəu　天牛
33,æ̃ 韵（续）,山头,ʂæ̃³¹³,ʂæ̃313,tʻəm³⁵〔双审10x：-m 尾印文清晰；方言无 -m，疑原书误印（ŋ→m），照录〕　山墙的外部,0,0,0,0,,山头　ʂæ̃³¹³ tʻəm³⁵〔双审10x：-m 尾印文清晰；方言无 -m，疑原书误印（ŋ→m），照录〕　山墙的外部
33,æ̃ 韵（续）,山干冲子,ʂæ̃³¹³ kæ̃³¹³ tʂʻoŋ³¹³ tʂʅ,ʂæ̃313 kæ̃313 tʂʻoŋ313 tʂʅ,山芋干酒,0,0,0,0,,山干冲子　ʂæ̃³¹³ kæ̃³¹³ tʂʻoŋ³¹³ tʂʅ　山芋干酒
33,æ̃ 韵（续）,山尖子,ʂæ̃³¹³ tɕiɛ³¹³ tʂʅ,ʂæ̃313 tɕiɛ313 tʂʅ,山墙的上部,0,0,0,0,,山尖子　ʂæ̃³¹³ tɕiɛ³¹³ tʂʅ　山墙的上部
33,æ̃ 韵（续）,散板,ʂæ̃⁴¹ pæ̃⁴¹,ʂæ̃41 pæ̃41,解体：木箱～了｜苏联～了,0,0,0,0,,散板　ʂæ̃⁴¹ pæ̃⁴¹　解体：木箱～了｜苏联～了
33,æ̃ 韵（续）,散灯,ʂæ̃⁴¹ təŋ³¹³,ʂæ̃41 təŋ313,送葬路上点的灯火,0,0,0,0,,散灯　ʂæ̃⁴¹ təŋ³¹³　送葬路上点的灯火
33,æ̃ 韵（续）,干⿰氵舌形字⿰氵舌形字,kæ̃³¹³ tuə¹³ tuə¹³,kæ̃313 tuə13 tuə13,稠：稀饭～的,0,0,0,0,〔双审12x：后两字=氵+舌形（重复），原转录「涸涸」与字形不合；tuə¹③ 音节用字待考照录〕,干⿰氵舌形字⿰氵舌形字〔双审12x：后两字=氵+舌形（重复），原转录「涸涸」与字形不合；tuə¹③ 音节用字待考照录〕　kæ̃³¹³ tuə¹³ tuə¹³　稠：稀饭～的
33,æ̃ 韵（续）,敢,kæ̃⁴¹,kæ̃41,当然：让我去那～好,0,0,0,0,,敢　kæ̃⁴¹　当然：让我去那～好
33,æ̃ 韵（续）,赶,kæ̃⁴¹,kæ̃41,①向：～他要，莫朝我要②等到：这屋～明年再盖,0,0,0,0,,赶　kæ̃⁴¹　①向：～他要，莫朝我要②等到：这屋～明年再盖
33,æ̃ 韵（续）,赶旦,kæ̃⁴¹ tæ̃⁵⁵,kæ̃41 tæ̃55,不该说、不该做的：老实人单做～事,0,0,0,0,,赶旦　kæ̃⁴¹ tæ̃⁵⁵　不该说、不该做的：老实人单做～事
33,æ̃ 韵（续）,堪堪,kʻæ̃³¹³ kʻæ̃³¹³,kʻæ̃313 kʻæ̃313,实在：～受不了,0,0,0,0,,堪堪　kʻæ̃³¹³ kʻæ̃³¹³　实在：～受不了
33,æ̃ 韵（续）,侃,kʻæ̃⁴¹,kʻæ̃41,说、谈：胡～,0,0,0,0,,侃　kʻæ̃⁴¹　说、谈：胡～
33,æ̃ 韵（续）,侃空,kʻæ̃⁴¹ kʻoŋ³¹³,kʻæ̃41 kʻoŋ313,说谎〔与页5词汇表侃空|撒谎互证〕,0,0,0,0,,侃空　kʻæ̃⁴¹ kʻoŋ³¹³　说谎〔与页5词汇表侃空|撒谎互证〕
33,æ̃ 韵（续）,砍仗,kæ̃⁴¹ tʂɑŋ⁵⁵,kæ̃41 tʂɑŋ55,①打架②牛羊用[角顶],0,0,0,0,〔已核定案:石+欠〕,砍仗〔已核定案:石+欠〕　kæ̃⁴¹ tʂɑŋ⁵⁵　①打架②牛羊用[角顶]
34,æ̃ 韵（收尾）,憨皮厚脸,xæ̃³¹³ pʻi³⁵ xəu⁵⁵ liɛ⁵⁵,xæ̃313 pʻi35 xəu55 liɛ55,不知趣,0,0,0,0,,憨皮厚脸　xæ̃³¹³ pʻi³⁵ xəu⁵⁵ liɛ⁵⁵　不知趣
34,æ̃ 韵（收尾）,憨脸塔痴,xæ̃³¹³ liɛ⁴¹ tə¹³ tʂʻɿ³¹³,xæ̃313 liɛ41 tə13 tʂʻɿ313,,0,0,0,0,〔双审12x：塔=土+荅 字形确认〕,憨脸塔痴〔双审12x：塔=土+荅 字形确认〕　xæ̃³¹³ liɛ⁴¹ tə¹³ tʂʻɿ³¹³
34,æ̃ 韵（收尾）,憨不日痴,xæ̃³¹³ pə¹³ z̩ə¹³ tʂʻɿ³¹³,xæ̃313 pə13 z̩ə13 tʂʻɿ313,又憨又懒,0,0,0,0,,憨不日痴　xæ̃³¹³ pə¹³ z̩ə¹³ tʂʻɿ³¹³　又憨又懒
34,æ̃ 韵（收尾）,寒里,xæ̃³⁵ li⁴¹,xæ̃35 li41,冬天：～天｜一～没上冻,0,0,0,0,,寒里　xæ̃³⁵ li⁴¹　冬天：～天｜一～没上冻
34,æ̃ 韵（收尾）,寒潮,xæ̃³⁵ tʂʻɔ³⁵,xæ̃35 tʂʻɔ35,冬天引入盐田卤水库中的海水,0,0,0,0,,寒潮　xæ̃³⁵ tʂʻɔ³⁵　冬天引入盐田卤水库中的海水
34,æ̃ 韵（收尾）,旱蜗螺螺,xæ̃⁵⁵ ɔ³¹³ lɔ³⁵ lɔ,xæ̃55 ɔ313 lɔ35 lɔ,蜗牛,0,0,0,0,,旱蜗螺螺　xæ̃⁵⁵ ɔ³¹³ lɔ³⁵ lɔ　蜗牛
34,æ̃ 韵（收尾）,汗褟子,xæ̃⁵⁵ tʻə¹³ tʂʅ,xæ̃55 tʻə13 tʂʅ,夏天穿的中式心褂,0,0,0,0,,汗褟子　xæ̃⁵⁵ tʻə¹³ tʂʅ　夏天穿的中式心褂
34,æ̃ 韵（收尾）,揞,æ̃⁴¹,æ̃41,手抓食物往嘴里塞,0,0,0,0,,揞　æ̃⁴¹　手抓食物往嘴里塞
34,æ̃ 韵（收尾）,俺们,æ̃⁴¹ mə,æ̃41 mə,"我，我们。在青少年中流行〔与页16 ɑŋ ø③「口+卬」形字～们:我们互证,本字=俺〕",0,0,0,0,,"俺们　æ̃⁴¹ mə　我，我们。在青少年中流行〔与页16 ɑŋ ø③「口+卬」形字～们:我们互证,本字=俺〕"
34,uæ̃ 韵,□草,ʂuæ̃⁵⁵ tʂʻɔ⁴¹,ʂuæ̃55 tʂʻɔ41,把横草理顺：～缮屋〔与页14 ʂ组□抽选:～草/缮屋互证〕,0,0,0,1,,□草　ʂuæ̃⁵⁵ tʂʻɔ⁴¹　把横草理顺：～缮屋〔与页14 ʂ组□抽选:～草/缮屋互证〕
34,uæ̃ 韵,关,kuæ̃³¹³,kuæ̃313,别：针～在帽子上,0,0,0,0,,关　kuæ̃³¹³　别：针～在帽子上
34,uæ̃ 韵,关照,kuæ̃³¹³ tʂɔ,kuæ̃313 tʂɔ,①叮嘱：我～他好几回了也没见学会②告诉：你顺便～他一下来开会③照应：多照应,0,0,0,0,,关照　kuæ̃³¹³ tʂɔ　①叮嘱：我～他好几回了也没见学会②告诉：你顺便～他一下来开会③照应：多照应
34,uæ̃ 韵,关针,kuæ̃³¹³ tʂəŋ³¹³,kuæ̃313 tʂəŋ313,别针,0,0,0,0,,关针　kuæ̃³¹³ tʂəŋ³¹³　别针
34,uæ̃ 韵,掼,kuæ̃⁵⁵,kuæ̃55,摔：～碎了,0,0,0,0,,掼　kuæ̃⁵⁵　摔：～碎了
34,uæ̃ 韵,掼炮,kuæ̃⁵⁵ pʻɔ⁵⁵,kuæ̃55 pʻɔ55,形同鞭炮的摔雷,0,0,0,0,,掼炮　kuæ̃⁵⁵ pʻɔ⁵⁵　形同鞭炮的摔雷
34,uæ̃ 韵,贯跤,kuæ̃⁵⁵ tɕiɔ³¹³,kuæ̃55 tɕiɔ313,摔跤,0,0,0,0,,贯跤　kuæ̃⁵⁵ tɕiɔ³¹³　摔跤
34,uæ̃ 韵,玩把戏,uæ̃³⁵ pɑ⁴¹ ɕi⁵⁵,uæ̃35 pɑ41 ɕi55,演马戏,0,0,0,0,,玩把戏　uæ̃³⁵ pɑ⁴¹ ɕi⁵⁵　演马戏
34,uæ̃ 韵,晚星,uæ̃⁴¹ ɕiŋ³¹³,uæ̃41 ɕiŋ313,晚上,0,0,0,0,,晚星　uæ̃⁴¹ ɕiŋ³¹³　晚上
34,iæ̃ 韵（收尾）,艰难,tɕiæ̃³¹³ læ̃³⁵,tɕiæ̃313 læ̃35,物品很稀少：这东西～,0,0,0,0,,艰难　tɕiæ̃³¹³ læ̃³⁵　物品很稀少：这东西～
34,iæ̃ 韵（收尾）,艰涩,tɕiæ̃³¹³ ʂə¹³,tɕiæ̃313 ʂə13,①少：钱～②艰难：日子～,0,0,0,0,,艰涩　tɕiæ̃³¹³ ʂə¹³　①少：钱～②艰难：日子～
34,iæ̃ 韵（收尾）,拣口,tɕiæ̃⁴¹ kʻəu⁴¹,tɕiæ̃41 kʻəu41,妊娠反应时挑食,0,0,0,0,,拣口　tɕiæ̃⁴¹ kʻəu⁴¹　妊娠反应时挑食
34,iæ̃ 韵（收尾）,铅丝,tɕʻiæ̃³¹³ ʂɿ³¹³,tɕʻiæ̃313 ʂɿ313,铁丝,0,0,0,0,,铅丝　tɕʻiæ̃³¹³ ʂɿ³¹³　铁丝
34,iæ̃ 韵（收尾）,铅条,tɕʻiæ̃³¹³ tʻiɔ³⁵,tɕʻiæ̃313 tʻiɔ35,,0,0,0,0,,铅条　tɕʻiæ̃³¹³ tʻiɔ³⁵
34,iæ̃ 韵（收尾）,铅角子,tɕʻiæ̃³¹³ kə¹³ tʂʅ,tɕʻiæ̃313 kə13 tʂʅ,硬币,0,0,0,0,,铅角子　tɕʻiæ̃³¹³ kə¹³ tʂʅ　硬币
34,iæ̃ 韵（收尾）,咸□□,ɕiæ̃³⁵ tsɛ³⁵ tsɛ³⁵,ɕiæ̃35 tsɛ35 tsɛ35,味道略咸,0,0,0,1,,咸□□　ɕiæ̃³⁵ tsɛ³⁵ tsɛ³⁵　味道略咸
34,iæ̃ 韵（收尾）,喊喝,ɕiæ̃⁴¹ xə,ɕiæ̃41 xə,大喊：你～什么，怕听不见,0,0,0,0,,喊喝　ɕiæ̃⁴¹ xə　大喊：你～什么，怕听不见
34,iæ̃ 韵（收尾）,眼眵,iæ̃⁴¹ tʂʻɿ³¹³,iæ̃41 tʂʻɿ313,眼睛中的分泌物,0,0,0,0,,眼眵　iæ̃⁴¹ tʂʻɿ³¹³　眼睛中的分泌物
34,iæ̃ 韵（收尾）,眼屎,iæ̃⁴¹ ʂɿ⁴¹,iæ̃41 ʂɿ41,,0,0,0,0,,眼屎　iæ̃⁴¹ ʂɿ⁴¹
34,iæ̃ 韵（收尾）,眼子,iæ̃⁴¹ tʂʅ,iæ̃41 tʂʅ,软弱可欺的人,0,0,0,0,,眼子　iæ̃⁴¹ tʂʅ　软弱可欺的人
34,iæ̃ 韵（收尾）,眼下,iæ̃⁴¹ ɕiɑ⁵⁵,iæ̃41 ɕiɑ55,目前，现在,0,0,0,0,,眼下　iæ̃⁴¹ ɕiɑ⁵⁵　目前，现在
34,iæ̃ 韵（收尾）,眼眉,iæ̃⁴¹ mei³⁵,iæ̃41 mei35,眉毛,0,0,0,0,,眼眉　iæ̃⁴¹ mei³⁵　眉毛
34,iæ̃ 韵（收尾）,眼尿,iæ̃⁴¹ ʂei³¹³,iæ̃41 ʂei313,眼泪，贬义,0,0,0,0,,眼尿　iæ̃⁴¹ ʂei³¹³　眼泪，贬义
34,iæ̃ 韵（收尾）,眼蛋子,iæ̃⁴¹ tæ̃⁵⁵ tʂʅ,iæ̃41 tæ̃55 tʂʅ,眼球,0,0,0,0,,眼蛋子　iæ̃⁴¹ tæ̃⁵⁵ tʂʅ　眼球
34,iɛ 韵,褊窄,piɛ⁴¹ tsə¹³,piɛ41 tsə13,狭窄：屋子里～。也叫窄笈,0,0,0,0,,褊窄　piɛ⁴¹ tsə¹³　狭窄：屋子里～。也叫窄笈
34,iɛ 韵,辫,piɛ⁵⁵,piɛ55,～韭菜,0,0,0,0,,辫　piɛ⁵⁵　～韭菜
34,iɛ 韵,骗,piɛ⁵⁵,piɛ55,抬腿掠过：一～腿上了车子｜～人,0,0,0,0,,骗　piɛ⁵⁵　抬腿掠过：一～腿上了车子｜～人
34,iɛ 韵,绵,miɛ³⁵,miɛ35,①不脆：饼干搁～了②性格软：这人～里～气的③秤略低一点：三斤～～的,0,0,0,0,,绵　miɛ³⁵　①不脆：饼干搁～了②性格软：这人～里～气的③秤略低一点：三斤～～的
34,iɛ 韵,绵槐,miɛ³⁵ xue³⁵,miɛ35 xue35,紫穗槐,0,0,0,0,,绵槐　miɛ³⁵ xue³⁵　紫穗槐
34,iɛ 韵,挽,miɛ⁴¹,miɛ41,折起来缝：裤子长了，～一下〔与页14 iɛ̃ m③挽〔已核〕折起来缝:～边互证，挽字定案〕,0,0,0,0,,挽　miɛ⁴¹　折起来缝：裤子长了，～一下〔与页14 iɛ̃ m③挽〔已核〕折起来缝:～边互证，挽字定案〕
34,iɛ 韵,挽鞋,miɛ⁴¹ ɕiɛ³⁵,miɛ41 ɕiɛ35,在鞋面上缝上白布以示带孝,0,0,0,0,,挽鞋　miɛ⁴¹ ɕiɛ³⁵　在鞋面上缝上白布以示带孝
34,iɛ 韵,面,miɛ⁵⁵,miɛ55,食物含纤维少：～山芋,0,0,0,0,,面　miɛ⁵⁵　食物含纤维少：～山芋
34,iɛ 韵,面□,miɛ⁵⁵ ʂuæ̃⁵⁵,miɛ55 ʂuæ̃55,难为情〔双审：□系原书所印空框〕的神态,0,0,0,1,,面□　miɛ⁵⁵ ʂuæ̃⁵⁵　难为情〔双审：□系原书所印空框〕的神态
34,iɛ 韵,面子事,miɛ⁵⁵ tʂʅ ʂɿ⁵⁵,miɛ55 tʂʅ ʂɿ55,要脸面的事,0,0,0,0,,面子事　miɛ⁵⁵ tʂʅ ʂɿ⁵⁵　要脸面的事
34,iɛ 韵,趯,tʻiɛ³¹³,tʻiɛ313,①跑：一路小～②走：他早～得了,0,0,0,0,,趯　tʻiɛ³¹³　①跑：一路小～②走：他早～得了
34,iɛ 韵,点,tiɛ⁴¹,tiɛ41,点种：～黄豆,0,0,0,0,,点　tiɛ⁴¹　点种：～黄豆
34,iɛ 韵,垫饥,tiɛ⁵⁵ tɕi³¹³,tiɛ55 tɕi313,饭前因太饿，先吃点食物,0,0,0,0,,垫饥　tiɛ⁵⁵ tɕi³¹³　饭前因太饿，先吃点食物
34,iɛ 韵,天傍亮,tʻiɛ³¹³ pɑŋ⁴¹ liɑŋ⁵⁵,tʻiɛ313 pɑŋ41 liɑŋ55,天要亮时,0,0,0,0,,天傍亮　tʻiɛ³¹³ pɑŋ⁴¹ liɑŋ⁵⁵　天要亮时
35,iɛ 韵（续）,天响,tʻiɛ³¹³ ʂɑŋ⁴¹,tʻiɛ313 ʂɑŋ41,中午,0,0,0,0,,天响　tʻiɛ³¹³ ʂɑŋ⁴¹　中午
35,iɛ 韵（续）,填坟,tʻiɛ³⁵ fəŋ³⁵,tʻiɛ35 fəŋ35,为坟墓添土修饰,0,0,0,0,,填坟　tʻiɛ³⁵ fəŋ³⁵　为坟墓添土修饰
35,iɛ 韵（续）,甜,tʻiɛ,tʻiɛ,盐少味淡,0,0,0,0,,甜　tʻiɛ　盐少味淡
35,iɛ 韵（续）,甜麻子,tʻiɛ³⁵ mɑ³⁵ tʂʅ,tʻiɛ35 mɑ35 tʂʅ,疤痕浅的麻子,0,0,0,0,,甜麻子　tʻiɛ³⁵ mɑ³⁵ tʂʅ　疤痕浅的麻子
35,iɛ 韵（续）,甜不拉叽,tʻiɛ³⁵ pə¹³ lɑ³¹³ tɕi³¹³,tʻiɛ35 pə13 lɑ313 tɕi313,①甜味不正②盐少味淡：这烫～的,0,0,0,0,,甜不拉叽　tʻiɛ³⁵ pə¹³ lɑ³¹³ tɕi³¹³　①甜味不正②盐少味淡：这烫～的
35,iɛ 韵（续）,甜不啰啰,tʻiɛ³⁵ pə¹³ yə¹³ yə¹³,tʻiɛ35 pə13 yə13 yə13,,0,0,0,0,,甜不啰啰　tʻiɛ³⁵ pə¹³ yə¹³ yə¹³
35,iɛ 韵（续）,甜么哈哈,tʻiɛ mə¹³ xɑ³¹³ xɑ³¹³,tʻiɛ mə13 xɑ313 xɑ313,①甜味不正②恬不知耻的样子,0,0,0,0,,甜么哈哈　tʻiɛ mə¹³ xɑ³¹³ xɑ³¹³　①甜味不正②恬不知耻的样子
35,iɛ 韵（续）,甜么索索,tʻiɛ mə ʂɔ³¹³ ʂɔ³¹³,tʻiɛ mə ʂɔ313 ʂɔ313,,0,0,0,0,,甜么索索　tʻiɛ mə ʂɔ³¹³ ʂɔ³¹³
35,iɛ 韵（续）,舔油,tʻiɛ⁴¹ iəu³⁵,tʻiɛ41 iəu35,献媚、讨好,0,0,0,0,,舔油　tʻiɛ⁴¹ iəu³⁵　献媚、讨好
35,iɛ 韵（续）,舔腚鬼,tʻiɛ⁴¹ tiŋ⁵⁵ kuei⁴¹,tʻiɛ41 tiŋ55 kuei41,献媚的人,0,0,0,0,,舔腚鬼　tʻiɛ⁴¹ tiŋ⁵⁵ kuei⁴¹　献媚的人
35,iɛ 韵（续）,粘胶胶,liɛ³⁵ tɕi³¹³ tɕiɔ³¹³,liɛ35 tɕi313 tɕiɔ313,粘：棒拐子煮熟了～的,0,0,0,0,,粘胶胶　liɛ³⁵ tɕi³¹³ tɕiɔ³¹³　粘：棒拐子煮熟了～的
35,iɛ 韵（续）,粘□,liɛ³⁵ kuɑŋ,liɛ35 kuɑŋ,粘在锅底较稠的粥,0,0,0,1,,粘□　liɛ³⁵ kuɑŋ　粘在锅底较稠的粥
35,iɛ 韵（续）,粘唧唧,liɛ³⁵ tɕiɪ¹³ tɕiɪ¹³,liɛ35 tɕiɪ13 tɕiɪ13,粘得使人不舒服：饼～的｜烂泥～的,0,0,0,0,,粘唧唧　liɛ³⁵ tɕiɪ¹³ tɕiɪ¹³　粘得使人不舒服：饼～的｜烂泥～的
35,iɛ 韵（续）,粘个答答,liɛ³⁵ kə tə¹³ tə¹³,liɛ35 kə tə13 tə13,,0,0,0,0,,粘个答答　liɛ³⁵ kə tə¹³ tə¹³
35,iɛ 韵（续）,连,liɛ³⁵,liɛ35,用大针脚对缝起来,0,0,0,0,,连　liɛ³⁵　用大针脚对缝起来
35,iɛ 韵（续）,蹍,liɛ⁴¹,liɛ41,脚踩上去再转一下,0,0,0,0,,蹍　liɛ⁴¹　脚踩上去再转一下
35,iɛ 韵（续）,捻,liɛ⁴¹,liɛ41,把粗铁件锤细：～镉子,0,0,0,0,,捻　liɛ⁴¹　把粗铁件锤细：～镉子
35,iɛ 韵（续）,埝,liɛ⁴¹,liɛ41,地方：～子｜没～找〔埝=地方义，与页1李埝互证〕,0,0,0,0,,埝　liɛ⁴¹　地方：～子｜没～找〔埝=地方义，与页1李埝互证〕
35,iɛ 韵（续）,楝枣子,liɛ⁵⁵ tʂɔ⁴¹ tʂʅ,liɛ55 tʂɔ41 tʂʅ,楝树果儿,0,0,0,0,,楝枣子　liɛ⁵⁵ tʂɔ⁴¹ tʂʅ　楝树果儿
35,iɛ 韵（续）,楝枣树,liɛ⁵⁵ tʂɔ⁴¹ ʂu⁵⁵,liɛ55 tʂɔ41 ʂu55,楝树,0,0,0,0,,楝枣树　liɛ⁵⁵ tʂɔ⁴¹ ʂu⁵⁵　楝树
35,iɛ 韵（续）,⿰占刂形字,tɕiɛ³¹³,tɕiɛ313,轻剁：～肉,0,0,0,0,〔双审12x：占+刂 清晰，刿（岁+刂）/剟候选均排除；轻剁义用字待考照录〕,⿰占刂形字〔双审12x：占+刂 清晰，刿（岁+刂）/剟候选均排除；轻剁义用字待考照录〕　tɕiɛ³¹³　轻剁：～肉
35,iɛ 韵（续）,肩拐子,tɕiɛ³¹³ kuɛ⁴¹ tʂʅ,tɕiɛ313 kuɛ41 tʂʅ,肩,0,0,0,0,,肩拐子　tɕiɛ³¹³ kuɛ⁴¹ tʂʅ　肩
35,iɛ 韵（续）,犍牛,tɕiɛ³¹³ liəu³⁵,tɕiɛ313 liəu35,阉过的公黄牛,0,0,0,0,,犍牛　tɕiɛ³¹³ liəu³⁵　阉过的公黄牛
35,iɛ 韵（续）,尖闹,tɕiɛ³¹³ lɔ⁵⁵,tɕiɛ313 lɔ55,个性强，不易相处,0,0,0,0,,尖闹　tɕiɛ³¹³ lɔ⁵⁵　个性强，不易相处
35,iɛ 韵（续）,搌,tɕiɛ⁴¹,tɕiɛ41,擦：～脸｜～澡｜～桌布,0,0,0,0,,搌　tɕiɛ⁴¹　擦：～脸｜～澡｜～桌布
35,iɛ 韵（续）,溅火,tɕiɛ⁵⁵ xɔ⁴¹,tɕiɛ55 xɔ41,淬火,0,0,0,0,,溅火　tɕiɛ⁵⁵ xɔ⁴¹　淬火
35,iɛ 韵（续）,见,tɕiɛ⁵⁵,tɕiɛ55,显得：这人～大｜车子骑了一年还～新,0,0,0,0,,见　tɕiɛ⁵⁵　显得：这人～大｜车子骑了一年还～新
35,iɛ 韵（续）,歼,tɕiɛ³¹³,tɕiɛ313,割下穗头：～芦秫｜～穇子,0,0,0,0,,歼　tɕiɛ³¹³　割下穗头：～芦秫｜～穇子
35,iɛ 韵（续）,干脚土,tɕiɛ³¹³ tɕyə¹³ tu⁴¹,tɕiɛ313 tɕyə13 tu41,门前土,0,0,0,0,,干脚土　tɕiɛ³¹³ tɕyə¹³ tu⁴¹　门前土
35,iɛ 韵（续）,仙爹爹,ɕiɛ³¹³ tɪ³¹³ tɪ³¹³,ɕiɛ313 tɪ313 tɪ313,神汉,0,0,0,0,,仙爹爹　ɕiɛ³¹³ tɪ³¹³ tɪ³¹³　神汉
35,iɛ 韵（续）,仙奶奶,ɕiɛ³¹³ lɛ⁴¹ lɛ⁴¹,ɕiɛ313 lɛ41 lɛ41,巫婆,0,0,0,0,,仙奶奶　ɕiɛ³¹³ lɛ⁴¹ lɛ⁴¹　巫婆
35,iɛ 韵（续）,鲜甜,ɕiɛ³¹³ tʻiɛ³⁵,ɕiɛ313 tʻiɛ35,甘甜：桃～的,0,0,0,0,,鲜甜　ɕiɛ³¹³ tʻiɛ³⁵　甘甜：桃～的
35,iɛ 韵（续）,鲜活灵,ɕiɛ xuə¹³ ləŋ³⁵,ɕiɛ xuə13 ləŋ35,新鲜：菜～的,0,0,0,0,,鲜活灵　ɕiɛ xuə¹³ ləŋ³⁵　新鲜：菜～的
35,iɛ 韵（续）,嫌好识歹,ɕiɛ³⁵ xɔ⁴¹ ʂə¹³ tɛ⁴¹,ɕiɛ35 xɔ41 ʂə13 tɛ41,过份挑剔,0,0,0,0,,嫌好识歹　ɕiɛ³⁵ xɔ⁴¹ ʂə¹³ tɛ⁴¹　过份挑剔
35,iɛ 韵（续）,嫌饭,ɕiɛ³⁵ fæ̃⁵⁵,ɕiɛ35 fæ̃55,怀孕初期挑食,0,0,0,0,,嫌饭　ɕiɛ³⁵ fæ̃⁵⁵　怀孕初期挑食
35,iɛ 韵（续）,嫌废,ɕiɛ³⁵ fei⁵⁵,ɕiɛ35 fei55,嫌弃：不～饭，孬好都行,0,0,0,0,,嫌废　ɕiɛ³⁵ fei⁵⁵　嫌弃：不～饭，孬好都行
35,iɛ 韵（续）,现,ɕiɛ⁵⁵,ɕiɛ55,现在：～去来不及了,0,0,0,0,,现　ɕiɛ⁵⁵　现在：～去来不及了
35,iɛ 韵（续）,蚬子,ɕiɛ⁵⁵ tʂʅ,ɕiɛ55 tʂʅ,一种水中软体动物，肉可食,0,0,0,0,,蚬子　ɕiɛ⁵⁵ tʂʅ　一种水中软体动物，肉可食
35,iɛ 韵（续）,蔫瘪,iɛ³¹³ pə,iɛ313 pə,①植物蔫了②人没精神,0,0,0,0,,蔫瘪　iɛ³¹³ pə　①植物蔫了②人没精神
35,iɛ 韵（续）,蔫死带黄,iɛ³¹³ ʂɿ⁴¹ tɛ⁵⁵ xuɑŋ³⁵,iɛ313 ʂɿ41 tɛ55 xuɑŋ35,,0,0,0,0,,蔫死带黄　iɛ³¹³ ʂɿ⁴¹ tɛ⁵⁵ xuɑŋ³⁵
35,iɛ 韵（续）,檐口,iɛ³⁵ kʻəu⁴¹,iɛ35 kʻəu41,屋檐,0,0,0,0,,檐口　iɛ³⁵ kʻəu⁴¹　屋檐
35,iɛ 韵（续）,□,iɛ³⁵,iɛ35,挤着、夹着：手给车门～着了〔双审：原书所印空框；与页32互证、「疑轧」推测存注〕,0,0,0,1,,□　iɛ³⁵　挤着、夹着：手给车门～着了〔双审：原书所印空框；与页32互证、「疑轧」推测存注〕
35,iɛ 韵（续）,盐坨,iɛ³⁵ tʻɔ³⁵,iɛ35 tʻɔ35,大盐堆,0,0,0,0,,盐坨　iɛ³⁵ tʻɔ³⁵　大盐堆
35,iɛ 韵（续）,盐硝,iɛ³⁵ ɕiɔ³¹³,iɛ35 ɕiɔ313,盐碱：地里起～,0,0,0,0,,盐硝　iɛ³⁵ ɕiɔ³¹³　盐碱：地里起～
35,iɛ 韵（续）,盐□,iɛ³⁵ kɑŋ⁴¹,iɛ35 kɑŋ41,,0,0,0,1,〔双审：第二字系原书所印空框；无释义系原书如此〕,盐□〔双审：第二字系原书所印空框；无释义系原书如此〕　iɛ³⁵ kɑŋ⁴¹
35,iɛ 韵（续）,盐岭,iɛ³⁵ liŋ³¹³,iɛ35 liŋ313,大盐坨,0,0,0,0,,盐岭　iɛ³⁵ liŋ³¹³　大盐坨
35,iɛ 韵（续）,盐蝙蝠,iɛ³⁵ piɛ³¹³,iɛ35 piɛ313,fu　蝙蝠,0,0,0,0,,盐蝙蝠　iɛ³⁵ piɛ³¹³ fu　蝙蝠
35,iɛ 韵（续）,□鞋,iɛ⁴¹ ɕiɛ³⁵,iɛ41 ɕiɛ35,把布条缉在鞋帮口上,0,0,0,1,,□鞋　iɛ⁴¹ ɕiɛ³⁵　把布条缉在鞋帮口上
35,õ 韵,⿰麦夫形,põ⁵⁵,põ55,①比：哪能和你～②哪能与你……比：～你啊，你家有钱,0,0,0,0,"〔已核:12x;原录「耽子」结构有误,原书单字无子〕","⿰麦夫形〔已核:12x;原录「耽子」结构有误,原书单字无子〕　põ⁵⁵　①比：哪能和你～②哪能与你……比：～你啊，你家有钱"
35,õ 韵,半拉拉,põ⁵⁵ lɑ³¹³ lɑ³¹³,põ55 lɑ313 lɑ313,一半：活干～走了,0,0,0,0,,半拉拉　põ⁵⁵ lɑ³¹³ lɑ³¹³　一半：活干～走了
35,õ 韵,半边,põ⁵⁵ piɛ³¹³,põ55 piɛ313,旁边：滚～去,0,0,0,0,,半边　põ⁵⁵ piɛ³¹³　旁边：滚～去
35,õ 韵,盘,pʻõ³⁵,pʻõ35,①盘算：这事你～怎办②纠缠：把他～累了,0,0,0,0,,盘　pʻõ³⁵　①盘算：这事你～怎办②纠缠：把他～累了
35,õ 韵,盘思,pʻõ³⁵ ʂɿ,pʻõ35 ʂɿ,①打算：～去一次②考虑：正～这事怎做好,0,0,0,0,,盘思　pʻõ³⁵ ʂɿ　①打算：～去一次②考虑：正～这事怎做好
35,õ 韵,盘心,pʻõ³⁵ ɕiŋ³¹³,pʻõ35 ɕiŋ313,焦虑,0,0,0,0,,盘心　pʻõ³⁵ ɕiŋ³¹³　焦虑
35,õ 韵,漫,mõ⁵⁵,mõ55,越过：～墙撂过去,0,0,0,0,,漫　mõ⁵⁵　越过：～墙撂过去
35,õ 韵,镘,mõ⁵⁵,mõ55,种子撒播后用锄耪着盖土,0,0,0,0,,镘　mõ⁵⁵　种子撒播后用锄耪着盖土
35,õ 韵,⿱⺮⿰夂干形字子,tõ³¹³ tʂʅ,tõ313 tʂʅ,打酒，打油用的量具,0,0,0,0,〔双审12x：⺮头+夂+干，箪（⺮+单）不合；用字待考照录〕,⿱⺮⿰夂干形字子〔双审12x：⺮头+夂+干，箪（⺮+单）不合；用字待考照录〕　tõ³¹³ tʂʅ　打酒，打油用的量具
35,õ 韵,断路,tõ⁴¹ lu⁵⁵,tõ41 lu55,拦路抢劫,0,0,0,0,,断路　tõ⁴¹ lu⁵⁵　拦路抢劫
35,õ 韵,断,tõ⁵⁵,tõ55,追～他了,0,0,0,0,,断　tõ⁵⁵　追～他了
35,õ 韵,断马头,tõ⁵⁵ mɑ⁴¹ tʻəu³⁵,tõ55 mɑ41 tʻəu35,短触须的章鱼,0,0,0,0,,断马头　tõ⁵⁵ mɑ⁴¹ tʻəu³⁵　短触须的章鱼
35,õ 韵,簖,tõ⁵⁵,tõ55,插在水里捕鱼的栅栏,0,0,0,0,,簖　tõ⁵⁵　插在水里捕鱼的栅栏
35,õ 韵,段,tõ⁵⁵,tõ55,地方：这～｜那～,0,0,0,0,,段　tõ⁵⁵　地方：这～｜那～
36,õ 韵（收尾）,段磨,tõ⁵⁵ mo⁵⁵,tõ55 mo55,把磨齿凿得深一些,0,0,0,0,,段磨　tõ⁵⁵ mo⁵⁵　把磨齿凿得深一些
36,õ 韵（收尾）,团,tõ³⁵,tõ35,带、保育：～孙子,0,0,0,0,,团　tõ³⁵　带、保育：～孙子
36,õ 韵（收尾）,团子,tõ³⁵ tʂʅ,tõ35 tʂʅ,圆子：肉～,0,0,0,0,,团子　tõ³⁵ tʂʅ　圆子：肉～
36,õ 韵（收尾）,团圆饼,tʻõ³⁵ yõ³⁵ piŋ⁴¹,tʻõ35 yõ35 piŋ41,中秋节做的甜饼,0,0,0,0,,团圆饼　tʻõ³⁵ yõ³⁵ piŋ⁴¹　中秋节做的甜饼
36,õ 韵（收尾）,团近,tʻõ³⁵ tɕiŋ⁵⁵,tʻõ35 tɕiŋ55,附近,0,0,0,0,,团近　tʻõ³⁵ tɕiŋ⁵⁵　附近
36,õ 韵（收尾）,团媳子,tʻõ³⁵ ɕi¹³ tʂʅ,tʻõ35 ɕi13 tʂʅ,童养媳,0,0,0,0,,团媳子　tʻõ³⁵ ɕi¹³ tʂʅ　童养媳
36,õ 韵（收尾）,乱岗子,lõ⁵⁵ kɑŋ³¹³ tʂʅ,lõ55 kɑŋ313 tʂʅ,乱葬岗子,0,0,0,0,,乱岗子　lõ⁵⁵ kɑŋ³¹³ tʂʅ　乱葬岗子
36,õ 韵（收尾）,乱神,lõ⁵⁵ ʂəŋ³⁵,lõ55 ʂəŋ35,添乱的人,0,0,0,0,,乱神　lõ⁵⁵ ʂəŋ³⁵　添乱的人
36,õ 韵（收尾）,砖瘤子,tʂõ³¹³ liəu³⁵ tʂʅ,tʂõ313 liəu35 tʂʅ,碎砖块,0,0,0,0,,砖瘤子　tʂõ³¹³ liəu³⁵ tʂʅ　碎砖块
36,õ 韵（收尾）,转筋,tʂõ⁵⁵ tɕiŋ³¹³,tʂõ55 tɕiŋ313,抽筋：腿肚～了,0,0,0,0,,转筋　tʂõ⁵⁵ tɕiŋ³¹³　抽筋：腿肚～了
36,õ 韵（收尾）,转向,tʂõ⁵⁵ ɕiɑŋ⁵⁵,tʂõ55 ɕiɑŋ55,迷失了方向,0,0,0,0,,转向　tʂõ⁵⁵ ɕiɑŋ⁵⁵　迷失了方向
36,õ 韵（收尾）,窜稀,tʂʻõ³¹³ ɕi³¹³,tʂʻõ313 ɕi313,腹泻,0,0,0,0,,窜稀　tʂʻõ³¹³ ɕi³¹³　腹泻
36,õ 韵（收尾）,窜星,tʂʻõ³¹³ ɕiŋ³¹³,tʂʻõ313 ɕiŋ313,流星,0,0,0,0,,窜星　tʂʻõ³¹³ ɕiŋ³¹³　流星
36,õ 韵（收尾）,串花,tʂʻõ⁵⁵ xuɑ³¹³,tʂʻõ55 xuɑ313,不同品种的植物间自然授粉,0,0,0,0,,串花　tʂʻõ⁵⁵ xuɑ³¹³　不同品种的植物间自然授粉
36,õ 韵（收尾）,串窝子,tʂʻõ⁵⁵ ɔ³¹³ tʂʅ,tʂʻõ55 ɔ313 tʂʅ,不同品种的牲畜杂交而成的后代,0,0,0,0,,串窝子　tʂʻõ⁵⁵ ɔ³¹³ tʂʅ　不同品种的牲畜杂交而成的后代
36,õ 韵（收尾）,酸不拉几,sõ³¹³ pə¹³ lɑ³¹³ tɕi³¹³,sõ313 pə13 lɑ313 tɕi313,①酸味②懒洋洋的样子,0,0,0,0,,酸不拉几　sõ³¹³ pə¹³ lɑ³¹³ tɕi³¹³　①酸味②懒洋洋的样子
36,õ 韵（收尾）,软古冬,z̩õ⁴¹ ku⁴¹ toŋ³¹³,z̩õ41 ku41 toŋ313,软和得使人不舒服：踩着个癞蛄了～地吓一跳,0,0,0,0,,软古冬　z̩õ⁴¹ ku⁴¹ toŋ³¹³　软和得使人不舒服：踩着个癞蛄了～地吓一跳
36,õ 韵（收尾）,软不拉塌,z̩õ⁴¹ pə¹³ lɑ³¹³ tʻə¹³,z̩õ41 pə13 lɑ313 tʻə13,①软：黄瓜晒～②懒洋洋的：～的没个精神,0,0,0,0,,软不拉塌　z̩õ⁴¹ pə¹³ lɑ³¹³ tʻə¹³　①软：黄瓜晒～②懒洋洋的：～的没个精神
36,õ 韵（收尾）,软塌塌,z̩õ⁴¹ tʻə¹³ tʻə¹³ tʻə¹³,z̩õ41 tʻə13 tʻə13 tʻə13,软弱无力的样子,0,0,0,0,,软塌塌　z̩õ⁴¹ tʻə¹³ tʻə¹³ tʻə¹³　软弱无力的样子
36,õ 韵（收尾）,管,kõ⁴¹,kõ41,不论：～谁说他也不听,0,0,0,0,,管　kõ⁴¹　不论：～谁说他也不听
36,õ 韵（收尾）,惯子,kõ⁵⁵ tʂʅ,kõ55 tʂʅ,娇惯的孩子,0,0,0,0,,惯子　kõ⁵⁵ tʂʅ　娇惯的孩子
36,õ 韵（收尾）,宽绰,kʻõ³¹³ tʂʻuə¹³,kʻõ313 tʂʻuə13,宽阔：屋大～,0,0,0,0,,宽绰　kʻõ³¹³ tʂʻuə¹³　宽阔：屋大～
36,õ 韵（收尾）,宽用,kʻõ³¹³ ioŋ,kʻõ313 ioŋ,富有,0,0,0,0,,宽用　kʻõ³¹³ ioŋ　富有
36,õ 韵（收尾）,款款,kʻõ⁴¹ kʻõ⁴¹,kʻõ41 kʻõ41,慢慢的，心平气和：走路～的｜等会对我们～的哈,0,0,0,0,,款款　kʻõ⁴¹ kʻõ⁴¹　慢慢的，心平气和：走路～的｜等会对我们～的哈
36,õ 韵（收尾）,欢懆,xõ ʂɔ,xõ ʂɔ,快：走～,0,0,0,0,〔双审：与页28 同字定懆（忄+喿）；IPA 原书此处无调值标记，照录〕,欢懆〔双审：与页28 同字定懆（忄+喿）；IPA 原书此处无调值标记，照录〕　xõ ʂɔ　快：走～
36,õ 韵（收尾）,蜷黄蛋,tɕyõ³⁵ xuɑŋ³⁵ tæ̃⁵⁵,tɕyõ35 xuɑŋ35 tæ̃55,不能孵化的蛋,0,0,0,0,,蜷黄蛋　tɕyõ³⁵ xuɑŋ³⁵ tæ̃⁵⁵　不能孵化的蛋
36,õ 韵（收尾）,全面奶奶,tɕyõ³⁵ miɛ̃⁵⁵ lɛ⁴¹ lɛ,tɕyõ35 miɛ̃55 lɛ41 lɛ,帮助料理喜事的老妇人，要求夫妻、儿女齐全,0,0,0,0,,全面奶奶　tɕyõ³⁵ miɛ̃⁵⁵ lɛ⁴¹ lɛ　帮助料理喜事的老妇人，要求夫妻、儿女齐全
36,ɑŋ 韵,膀弯子,pɑŋ⁴¹ uæ̃³¹³ tʂʅ,pɑŋ41 uæ̃313 tʂʅ,肘部,0,0,0,0,,膀弯子　pɑŋ⁴¹ uæ̃³¹³ tʂʅ　肘部
36,ɑŋ 韵,棒花子,pɑŋ⁵⁵ xuɑ³¹³ tʂʅ,pɑŋ55 xuɑ313 tʂʅ,爆玉米花,0,0,0,0,,棒花子　pɑŋ⁵⁵ xuɑ³¹³ tʂʅ　爆玉米花
36,ɑŋ 韵,棒黍子,pɑŋ⁵⁵ tʂʻɛ⁴¹ tʂʅ,pɑŋ55 tʂʻɛ41 tʂʅ,玉米碴儿，可做干饭,0,0,0,0,,棒黍子　pɑŋ⁵⁵ tʂʻɛ⁴¹ tʂʅ　玉米碴儿，可做干饭
36,ɑŋ 韵,棒头,pɑŋ⁵⁵ tʻəu,pɑŋ55 tʻəu,玉米,0,0,0,0,,棒头　pɑŋ⁵⁵ tʻəu　玉米
36,ɑŋ 韵,棒拐子,pɑŋ⁵⁵ kuɛ⁴¹ tʂʅ,pɑŋ55 kuɛ41 tʂʅ,玉米穗儿,0,0,0,0,,棒拐子　pɑŋ⁵⁵ kuɛ⁴¹ tʂʅ　玉米穗儿
36,ɑŋ 韵,棒面子,pɑŋ⁵⁵ miɛ̃⁵⁵ tʂʅ,pɑŋ55 miɛ̃55 tʂʅ,细玉米面儿,0,0,0,0,,棒面子　pɑŋ⁵⁵ miɛ̃⁵⁵ tʂʅ　细玉米面儿
36,ɑŋ 韵,棒糈子,pɑŋ⁵⁵ ɕy³¹³ tʂʅ,pɑŋ55 ɕy313 tʂʅ,粗玉米粉,0,0,0,0,,棒糈子　pɑŋ⁵⁵ ɕy³¹³ tʂʅ　粗玉米粉
36,ɑŋ 韵,膀,pɑŋ³¹³,pɑŋ313,涨：豆子泡～了｜手泡～了,0,0,0,0,,膀　pɑŋ³¹³　涨：豆子泡～了｜手泡～了
36,ɑŋ 韵,嗙,pʻɑŋ⁴¹,pʻɑŋ41,乱说：他说话～三～四的,0,0,0,0,,嗙　pʻɑŋ⁴¹　乱说：他说话～三～四的
36,ɑŋ 韵,胖,pʻɑŋ⁵⁵,pʻɑŋ55,肥嫩：韭菜长得透～,0,0,0,0,,胖　pʻɑŋ⁵⁵　肥嫩：韭菜长得透～
36,ɑŋ 韵,方才,fɑŋ³¹³ tʂʻɛ³⁵,fɑŋ313 tʂʻɛ35,刚才,0,0,0,0,,方才　fɑŋ³¹³ tʂʻɛ³⁵　刚才
36,ɑŋ 韵,方塘,fɑŋ³¹³ tɑŋ³⁵,fɑŋ313 tɑŋ35,水塘,0,0,0,0,,方塘　fɑŋ³¹³ tɑŋ³⁵　水塘
36,ɑŋ 韵,仿影,fɑŋ⁴¹ iŋ⁴¹,fɑŋ41 iŋ41,描红,0,0,0,0,,仿影　fɑŋ⁴¹ iŋ⁴¹　描红
36,ɑŋ 韵,当天子,tɑŋ³¹³ tʻiɛ³¹³ tʂʅ,tɑŋ313 tʻiɛ313 tʂʅ,家院子〔与页5词汇表家天子|当天子|庭院互证〕,0,0,0,0,,当天子　tɑŋ³¹³ tʻiɛ³¹³ tʂʅ　家院子〔与页5词汇表家天子|当天子|庭院互证〕
36,ɑŋ 韵,当间,tɑŋ³¹³ tɕiæ̃³¹³,tɑŋ313 tɕiæ̃313,房内的明间,0,0,0,0,,当间　tɑŋ³¹³ tɕiæ̃³¹³　房内的明间
36,ɑŋ 韵,当门,tɑŋ³¹³ məŋ³⁵,tɑŋ313 məŋ35,房内的地面,0,0,0,0,,当门　tɑŋ³¹³ məŋ³⁵　房内的地面
36,ɑŋ 韵,宕,tɑŋ⁵⁵,tɑŋ55,轻轻地来回摩擦：刀在缸沿上～～就快了,0,0,0,0,〔已核:与盪互证定案〕,宕〔已核:与盪互证定案〕　tɑŋ⁵⁵　轻轻地来回摩擦：刀在缸沿上～～就快了
36,ɑŋ 韵,盪,tɑŋ⁵⁵,tɑŋ55,用两只容器来回倒，使流体食物变凉：把水～～再喝〔与页15 盪〔已核宕〕互证，盪字定案〕,0,0,0,0,,盪　tɑŋ⁵⁵　用两只容器来回倒，使流体食物变凉：把水～～再喝〔与页15 盪〔已核宕〕互证，盪字定案〕
36,ɑŋ 韵,塘,tʻɑŋ³⁵,tʻɑŋ35,水沟,0,0,0,0,,塘　tʻɑŋ³⁵　水沟
36,ɑŋ 韵,塘灰,tʻɑŋ³⁵ xuei³¹³,tʻɑŋ35 xuei313,灰尘〔与页5词汇表塘灰|埲土|灰尘互证〕,0,0,0,0,,塘灰　tʻɑŋ³⁵ xuei³¹³　灰尘〔与页5词汇表塘灰|埲土|灰尘互证〕
36,ɑŋ 韵,烫头,tʻɑŋ⁵⁵ tʻəu³⁵,tʻɑŋ55 tʻəu35,烫发,0,0,0,0,,烫头　tʻɑŋ⁵⁵ tʻəu³⁵　烫发
36,ɑŋ 韵,齉,lɑŋ⁵⁵,lɑŋ55,鼻子往上耸，表示不满、讥讽：鼻子往上一～，糁得要命,0,0,0,0,〔双审11x：鼻+囊 字形确认〕,齉〔双审11x：鼻+囊 字形确认〕　lɑŋ⁵⁵　鼻子往上耸，表示不满、讥讽：鼻子往上一～，糁得要命
36,ɑŋ 韵,张,tʂɑŋ³¹³,tʂɑŋ313,①倒：～倒了｜从墙上～下,0,0,0,0,,张　tʂɑŋ³¹³　①倒：～倒了｜从墙上～下
37,ɑŋ 韵（收尾）,掌,tʂɑŋ⁴¹,tʂɑŋ41,①钉鞋底：～鞋②补：把墙上的豁～起来,0,0,0,0,,掌　tʂɑŋ⁴¹　①钉鞋底：～鞋②补：把墙上的豁～起来
37,ɑŋ 韵（收尾）,涨,tʂɑŋ⁴¹,tʂɑŋ41,一种炒鸡蛋的方法，蛋打在油锅里略炒后再加点水烧熟,0,0,0,0,,涨　tʂɑŋ⁴¹　一种炒鸡蛋的方法，蛋打在油锅里略炒后再加点水烧熟
37,ɑŋ 韵（收尾）,长鱼,tʂʻɑŋ³⁵ y³⁵,tʂʻɑŋ35 y35,黄鳝〔与页5词汇表长鱼|血鳝|黄鳝互证〕,0,0,0,0,,长鱼　tʂʻɑŋ³⁵ y³⁵　黄鳝〔与页5词汇表长鱼|血鳝|黄鳝互证〕
37,ɑŋ 韵（收尾）,长脸,tʂʻɑŋ³⁵ liɛ⁴¹,tʂʻɑŋ35 liɛ41,失望的样子,0,0,0,0,,长脸　tʂʻɑŋ³⁵ liɛ⁴¹　失望的样子
37,ɑŋ 韵（收尾）,藏猫猫,tʂʻɑŋ³⁵ mɔ³⁵ mɔ³⁵,tʂʻɑŋ35 mɔ35 mɔ35,捉迷藏,0,0,0,0,,藏猫猫　tʂʻɑŋ³⁵ mɔ³⁵ mɔ³⁵　捉迷藏
37,ɑŋ 韵（收尾）,藏蹦蹦,tʂʻɑŋ³⁵ pəŋ⁵⁵ pəŋ,tʂʻɑŋ35 pəŋ55 pəŋ,,0,0,0,0,,藏蹦蹦　tʂʻɑŋ³⁵ pəŋ⁵⁵ pəŋ
37,ɑŋ 韵（收尾）,藏蒙蒙,tʂʻɑŋ³⁵ məŋ³⁵ məŋ,tʂʻɑŋ35 məŋ35 məŋ,,0,0,0,0,,藏蒙蒙　tʂʻɑŋ³⁵ məŋ³⁵ məŋ
37,ɑŋ 韵（收尾）,磢,tʂʻɑŋ⁵⁵,tʂʻɑŋ55,磨擦：～痒,0,0,0,0,,磢　tʂʻɑŋ⁵⁵　磨擦：～痒
37,ɑŋ 韵（收尾）,伤饱,ʂɑŋ³¹³ pɔ⁴¹,ʂɑŋ313 pɔ41,消化不良,0,0,0,0,,伤饱　ʂɑŋ³¹³ pɔ⁴¹　消化不良
37,ɑŋ 韵（收尾）,桑枣子,ʂɑŋ³¹³ tʂɔ⁴¹ tʂʅ,ʂɑŋ313 tʂɔ41 tʂʅ,桑椹,0,0,0,0,,桑枣子　ʂɑŋ³¹³ tʂɔ⁴¹ tʂʅ　桑椹
37,ɑŋ 韵（收尾）,晌头,ʂɑŋ⁴¹ tʻəu³⁵,ʂɑŋ41 tʻəu35,中午,0,0,0,0,,晌头　ʂɑŋ⁴¹ tʻəu³⁵　中午
37,ɑŋ 韵（收尾）,晌便,ʂɑŋ⁴¹ piɛ⁵⁵,ʂɑŋ41 piɛ55,,0,0,0,0,,晌便　ʂɑŋ⁴¹ piɛ⁵⁵
37,ɑŋ 韵（收尾）,晌星,ʂɑŋ⁴¹ ɕiŋ³¹³,ʂɑŋ41 ɕiŋ313,,0,0,0,0,,晌星　ʂɑŋ⁴¹ ɕiŋ³¹³
37,ɑŋ 韵（收尾）,上眯,ʂɑŋ⁵⁵ mi⁵⁵,ʂɑŋ55 mi55,困乏欲睡,0,0,0,0,,上眯　ʂɑŋ⁵⁵ mi⁵⁵　困乏欲睡
37,ɑŋ 韵（收尾）,上路,ʂɑŋ⁵⁵ lu⁵⁵,ʂɑŋ55 lu55,合乎规距：做事不～,0,0,0,0,,上路　ʂɑŋ⁵⁵ lu⁵⁵　合乎规距：做事不～
37,ɑŋ 韵（收尾）,上材,ʂɑŋ⁵⁵ tʂʻɛ³⁵,ʂɑŋ55 tʂʻɛ35,入殓,0,0,0,0,,上材　ʂɑŋ⁵⁵ tʂʻɛ³⁵　入殓
37,ɑŋ 韵（收尾）,上年子,ʂɑŋ⁵⁵ liɛ³⁵ tʂʅ,ʂɑŋ55 liɛ35 tʂʅ,去年,0,0,0,0,,上年子　ʂɑŋ⁵⁵ liɛ³⁵ tʂʅ　去年
37,ɑŋ 韵（收尾）,上紧,ʂɑŋ⁵⁵ tɕiŋ⁴¹,ʂɑŋ55 tɕiŋ41,抓紧,0,0,0,0,,上紧　ʂɑŋ⁵⁵ tɕiŋ⁴¹　抓紧
37,ɑŋ 韵（收尾）,上冻,ʂɑŋ⁵⁵ toŋ⁵⁵,ʂɑŋ55 toŋ55,结冰,0,0,0,0,,上冻　ʂɑŋ⁵⁵ toŋ⁵⁵　结冰
37,ɑŋ 韵（收尾）,上色,ʂɑŋ⁵⁵ ʂə¹³,ʂɑŋ55 ʂə13,易染上颜色：白布～,0,0,0,0,,上色　ʂɑŋ⁵⁵ ʂə¹³　易染上颜色：白布～
37,ɑŋ 韵（收尾）,□,z̩ɑŋ³⁵,z̩ɑŋ35,累：腿发～,0,0,0,1,,□　z̩ɑŋ³⁵　累：腿发～
37,ɑŋ 韵（收尾）,杠,kɑŋ⁵⁵,kɑŋ55,①线条、细长的划痕：一道～②用线条删去：这几个字得～去,0,0,0,0,,杠　kɑŋ⁵⁵　①线条、细长的划痕：一道～②用线条删去：这几个字得～去
37,ɑŋ 韵（收尾）,□,kɑŋ⁵⁵,kɑŋ55,呛：这烟太～〔与页15 k④□呛:香烟太～互证〕,0,0,0,1,,□　kɑŋ⁵⁵　呛：这烟太～〔与页15 k④□呛:香烟太～互证〕
37,ɑŋ 韵（收尾）,虹,kɑŋ⁵⁵,kɑŋ55,①彩虹：单～｜双～②出现彩虹：天～起来了,0,0,0,0,,虹　kɑŋ⁵⁵　①彩虹：单～｜双～②出现彩虹：天～起来了
37,ɑŋ 韵（收尾）,康,kʻɑŋ³¹³,kʻɑŋ313,空心：萝卜～了,0,0,0,0,,康　kʻɑŋ³¹³　空心：萝卜～了
37,ɑŋ 韵（收尾）,炕,kʻɑŋ⁵⁵,kʻɑŋ55,燶：～鱼｜～饼,0,0,0,0,,炕　kʻɑŋ⁵⁵　燶：～鱼｜～饼
37,ɑŋ 韵（收尾）,夯,xɑŋ³¹³,xɑŋ313,打：～你一顿,0,0,0,0,,夯　xɑŋ³¹³　打：～你一顿
37,ɑŋ 韵（收尾）,绗,xɑŋ³⁵,xɑŋ35,直行缝：～被子,0,0,0,0,,绗　xɑŋ³⁵　直行缝：～被子
37,ɑŋ 韵（收尾）,巷口子,xɑŋ⁵⁵ kʻəu⁴¹ tʂʅ,xɑŋ55 kʻəu41 tʂʅ,胡同口,0,0,0,0,,巷口子　xɑŋ⁵⁵ kʻəu⁴¹ tʂʅ　胡同口
37,ɑŋ 韵（收尾）,肮里巴脏,ɑŋ³¹³,ɑŋ313,li pɑ³¹³ tsɑŋ³¹³　脏,0,0,0,0,,肮里巴脏　ɑŋ³¹³ li pɑ³¹³ tsɑŋ³¹³　脏
37,ɑŋ 韵（收尾）,□,ɑŋ⁴¹,ɑŋ41,焚烧：草垛～了〔与页16 ɑŋ ø③□焚烧:草垛～了互证〕,0,0,0,1,,□　ɑŋ⁴¹　焚烧：草垛～了〔与页16 ɑŋ ø③□焚烧:草垛～了互证〕
37,ɑŋ 韵（收尾）,卬们,ɑŋ⁴¹ mə,ɑŋ41 mə,"我，我们。流行于青少年〔与页16 ɑŋ ø③「口+卬」形字～们:我们互证,本字=卬〕",0,0,0,0,〔已核定案:本字=卬〕,"卬们〔已核定案:本字=卬〕　ɑŋ⁴¹ mə　我，我们。流行于青少年〔与页16 ɑŋ ø③「口+卬」形字～们:我们互证,本字=卬〕"
37,ɑŋ 韵（收尾）,钢丝车,kɑŋ³¹³ ʂɿ³¹³ tʂʻei³¹³,kɑŋ313 ʂɿ313 tʂʻei313,自行车,0,0,0,0,,钢丝车　kɑŋ³¹³ ʂɿ³¹³ tʂʻei³¹³　自行车
37,ɑŋ 韵（收尾）,钢条,kɑŋ³¹³ tʻiɔ³⁵,kɑŋ313 tʻiɔ35,辐条,0,0,0,0,,钢条　kɑŋ³¹³ tʻiɔ³⁵　辐条
37,ɑŋ 韵（收尾）,钢钢,kɑŋ³¹³ kɑŋ³¹³,kɑŋ313 kɑŋ313,行走有力：走路～的,0,0,0,0,,钢钢　kɑŋ³¹³ kɑŋ³¹³　行走有力：走路～的
37,ɑŋ 韵（收尾）,钢角子,kɑŋ³¹³ kə¹³ tʂʅ,kɑŋ313 kə13 tʂʅ,硬币,0,0,0,0,,钢角子　kɑŋ³¹³ kə¹³ tʂʅ　硬币
37,ɑŋ 韵（收尾）,钢菊子,kɑŋ³¹³ tɕyə¹³ tʂʅ,kɑŋ313 tɕyə13 tʂʅ,蒺藜,0,0,0,0,,钢菊子　kɑŋ³¹³ tɕyə¹³ tʂʅ　蒺藜
37,ɑŋ 韵（收尾）,钢橘子,kɑŋ³¹³ tɕyə¹³ tʂʅ,kɑŋ313 tɕyə13 tʂʅ,枳，枳的果实,0,0,0,0,,钢橘子　kɑŋ³¹³ tɕyə¹³ tʂʅ　枳，枳的果实
37,ɑŋ 韵（收尾）,□,kɑŋ⁴¹,kɑŋ41,"很：这花～好看了〔与页15 k③□很,非常:～好了互证〕",0,0,0,1,,"□　kɑŋ⁴¹　很：这花～好看了〔与页15 k③□很,非常:～好了互证〕"
37,ɑŋ 韵（收尾）,□,kɑŋ⁴¹,kɑŋ41,①钻：从洞里～过去②直冲：车子一上路直～〔与页15 k③□钻:～过去互证〕,0,0,0,1,,□　kɑŋ⁴¹　①钻：从洞里～过去②直冲：车子一上路直～〔与页15 k③□钻:～过去互证〕
37,ɑŋ 韵（收尾）,□,kɑŋ⁵⁵,kɑŋ55,垫高夯实：～墙跟〔与页15 k④□垫高、夯实互证〕,0,0,0,1,,□　kɑŋ⁵⁵　垫高夯实：～墙跟〔与页15 k④□垫高、夯实互证〕
37,ɑŋ 韵（收尾）,钢,kɑŋ⁵⁵,kɑŋ55,给刀刃加钢：～刀｜～锨〔与页15 k④钢把刀、锨之类工具回炉加钢互证〕,0,0,0,0,,钢　kɑŋ⁵⁵　给刀刃加钢：～刀｜～锨〔与页15 k④钢把刀、锨之类工具回炉加钢互证〕
37,iɑŋ 韵,娘,liɑŋ³⁵,liɑŋ35,"婶子：二～｜小～〔与页19大妈""婶子称娘""互证〕",0,0,0,0,,"娘　liɑŋ³⁵　婶子：二～｜小～〔与页19大妈""婶子称娘""互证〕"
37,iɑŋ 韵,□□,liɑŋ³⁵ kʻɑŋ³⁵,liɑŋ35 kʻɑŋ35,尖刻、厉害〔双审：□系原书所印空框（版面只见一框，次字按 IPA 照录）〕,0,0,0,1,,□□　liɑŋ³⁵ kʻɑŋ³⁵　尖刻、厉害〔双审：□系原书所印空框（版面只见一框，次字按 IPA 照录）〕
37,iɑŋ 韵,浆网,tɕiɑŋ³¹³ uɑŋ⁴¹,tɕiɑŋ313 uɑŋ41,用猪血染鱼网,0,0,0,0,,浆网　tɕiɑŋ³¹³ uɑŋ⁴¹　用猪血染鱼网
37,iɑŋ 韵,刚才刚,tɕiɑŋ³¹³ tʂʻɛ³⁵ tɕiɑŋ³¹³,tɕiɑŋ313 tʂʻɛ35 tɕiɑŋ313,刚才,0,0,0,0,,刚才刚　tɕiɑŋ³¹³ tʂʻɛ³⁵ tɕiɑŋ³¹³　刚才
37,iɑŋ 韵,讲古,tɕiɑŋ⁴¹ ku⁴¹,tɕiɑŋ41 ku41,讲故事,0,0,0,0,,讲古　tɕiɑŋ⁴¹ ku⁴¹　讲故事
37,iɑŋ 韵,讲古记,tɕiɑŋ⁴¹ ku⁴¹ tɕi⁵⁵,tɕiɑŋ41 ku41 tɕi55,,0,0,0,0,,讲古记　tɕiɑŋ⁴¹ ku⁴¹ tɕi⁵⁵
37,iɑŋ 韵,犟筋头,tɕiɑŋ⁵⁵ tɕiŋ³¹³ tʻəu³⁵,tɕiɑŋ55 tɕiŋ313 tʻəu35,固执己见的人,0,0,0,0,,犟筋头　tɕiɑŋ⁵⁵ tɕiŋ³¹³ tʻəu³⁵　固执己见的人
37,iɑŋ 韵,戗,tɕiɑŋ⁵⁵,tɕiɑŋ55,扶：树倒了，两人～不起来,0,0,0,0,,戗　tɕiɑŋ⁵⁵　扶：树倒了，两人～不起来
37,iɑŋ 韵,香大姐,ɕiɑŋ³¹³ tɑ⁵⁵ tɕɪ,ɕiɑŋ313 tɑ55 tɕɪ,臭虫,0,0,0,0,,香大姐　ɕiɑŋ³¹³ tɑ⁵⁵ tɕɪ　臭虫
37,iɑŋ 韵,乡大头,ɕiɑŋ³¹³ tɑ⁵⁵ tʻəu³⁵,ɕiɑŋ313 tɑ55 tʻəu35,没见过世面的乡下人,0,0,0,0,,乡大头　ɕiɑŋ³¹³ tɑ⁵⁵ tʻəu³⁵　没见过世面的乡下人
37,iɑŋ 韵,阳口,iɑŋ³⁵ kʻəu⁴¹,iɑŋ35 kʻəu41,院墙下向外排水的通道,0,0,0,0,,阳口　iɑŋ³⁵ kʻəu⁴¹　院墙下向外排水的通道
37,iɑŋ 韵,羊二疯,iɑŋ³⁵ ɛ⁵⁵ fɑŋ³¹³,iɑŋ35 ɛ55 fɑŋ313,羊角疯,0,0,0,0,,羊二疯　iɑŋ³⁵ ɛ⁵⁵ fɑŋ³¹³　羊角疯
37,iɑŋ 韵,洋兴虫,iɑŋ³⁵ ɕiŋ⁵⁵ tʂʻoŋ³⁵,iɑŋ35 ɕiŋ55 tʂʻoŋ35,①蛴螬②好奇、好赶热闹的人,0,0,0,0,,洋兴虫　iɑŋ³⁵ ɕiŋ⁵⁵ tʂʻoŋ³⁵　①蛴螬②好奇、好赶热闹的人
37,iɑŋ 韵,养水滩,iɑŋ⁴¹ ʂuei⁴¹ tʻæ̃³¹³,iɑŋ41 ʂuei41 tʻæ̃313,可引入盐田的海水池,0,0,0,0,,养水滩　iɑŋ⁴¹ ʂuei⁴¹ tʻæ̃³¹³　可引入盐田的海水池
37,uɑŋ 韵,庄圩,tʂuɑŋ³¹³ uei³⁵,tʂuɑŋ313 uei35,护庄的沟、堤、围墙,0,0,0,0,,庄圩　tʂuɑŋ³¹³ uei³⁵　护庄的沟、堤、围墙
38,uɑŋ 韵（收尾）,奘,tʂuɑŋ⁴¹,tʂuɑŋ41,①粗大、齐整：这堆萝卜整～的②弄整齐：～筷子｜～齐了③添光彩：～脸〔与页16 tʂ③奘互证〕,0,0,0,0,,奘　tʂuɑŋ⁴¹　①粗大、齐整：这堆萝卜整～的②弄整齐：～筷子｜～齐了③添光彩：～脸〔与页16 tʂ③奘互证〕
38,uɑŋ 韵（收尾）,疮黄,tʂʻuɑŋ³¹³ xuɑŋ³⁵,tʂʻuɑŋ313 xuɑŋ35,病态的脸色,0,0,0,0,,疮黄　tʂʻuɑŋ³¹³ xuɑŋ³⁵　病态的脸色
38,uɑŋ 韵（收尾）,床面子,tʂʻuɑŋ³⁵ miɛ̃⁵⁵ tʂʅ,tʂʻuɑŋ35 miɛ̃55 tʂʅ,床沿的外部,0,0,0,0,,床面子　tʂʻuɑŋ³⁵ miɛ̃⁵⁵ tʂʅ　床沿的外部
38,uɑŋ 韵（收尾）,床桄,tʂʻuɑŋ³⁵ kuɑŋ³¹³,tʂʻuɑŋ35 kuɑŋ313,没铺席褥的光床,0,0,0,0,,床桄　tʂʻuɑŋ³⁵ kuɑŋ³¹³　没铺席褥的光床
38,uɑŋ 韵（收尾）,噇,tʂʻɑŋ³⁵,tʂʻɑŋ35,吃，贬义,0,0,0,0,,噇　tʂʻɑŋ³⁵　吃，贬义
38,uɑŋ 韵（收尾）,撞,tʂʻuɑŋ⁵⁵,tʂʻuɑŋ55,边抱着走边哄婴儿睡觉,0,0,0,0,,撞　tʂʻuɑŋ⁵⁵　边抱着走边哄婴儿睡觉
38,uɑŋ 韵（收尾）,双眼箍,ʂuɑŋ³¹³ iæ̃⁴¹ kuə¹³,ʂuɑŋ313 iæ̃41 kuə13,双眼皮〔与页33 单眼箍=单眼皮互证〕,0,0,0,0,,双眼箍　ʂuɑŋ³¹³ iæ̃⁴¹ kuə¹³　双眼皮〔与页33 单眼箍=单眼皮互证〕
38,uɑŋ 韵（收尾）,漺,ʂuɑŋ⁴¹,ʂuɑŋ41,沥水：把菜～～〔与页16 ʂ③漺互证〕,0,0,0,0,,漺　ʂuɑŋ⁴¹　沥水：把菜～～〔与页16 ʂ③漺互证〕
38,uɑŋ 韵（收尾）,摤,ʂuɑŋ⁴¹,ʂuɑŋ41,用力过猛闪伤了身体：从墙上跳下来～腿了,0,0,0,0,,摤　ʂuɑŋ⁴¹　用力过猛闪伤了身体：从墙上跳下来～腿了
38,uɑŋ 韵（收尾）,⿰扌[⿱⺌⺌罒夂]形字,ʂuɑŋ⁴¹,ʂuɑŋ41,用力往下掼：口袋～～还能装点,0,0,0,0,〔双审12x：扌+复合右旁（⺌⺌+罒+夂），原记「揌」与字形不合；ʂuɑŋ⁴¹ 掼义用字待考照录〕,⿰扌[⿱⺌⺌罒夂]形字〔双审12x：扌+复合右旁（⺌⺌+罒+夂），原记「揌」与字形不合；ʂuɑŋ⁴¹ 掼义用字待考照录〕　ʂuɑŋ⁴¹　用力往下掼：口袋～～还能装点
38,uɑŋ 韵（收尾）,光,kuɑŋ³¹³,kuɑŋ313,总是：车后座的菜～掉,0,0,0,0,,光　kuɑŋ³¹³　总是：车后座的菜～掉
38,uɑŋ 韵（收尾）,光鱼,kuɑŋ³¹³ y³⁵,kuɑŋ313 y35,又叫沙光鱼，海鱼的一种。形如淡水中的鲶鱼，头略小。易做鱼汤〔连云港名产〕,0,0,0,0,,光鱼　kuɑŋ³¹³ y³⁵　又叫沙光鱼，海鱼的一种。形如淡水中的鲶鱼，头略小。易做鱼汤〔连云港名产〕
38,uɑŋ 韵（收尾）,光光,kuɑŋ³¹³ kuɑŋ³¹³,kuɑŋ313 kuɑŋ313,①灵活的人：～不吃眼前亏②一点不剩：吃个～,0,0,0,0,,光光　kuɑŋ³¹³ kuɑŋ³¹³　①灵活的人：～不吃眼前亏②一点不剩：吃个～
38,uɑŋ 韵（收尾）,广广,kuɑŋ⁴¹ kuɑŋ⁴¹,kuɑŋ41 kuɑŋ41,多，普遍：人家那儿的高楼都是～的,0,0,0,0,,广广　kuɑŋ⁴¹ kuɑŋ⁴¹　多，普遍：人家那儿的高楼都是～的
38,uɑŋ 韵（收尾）,光脸,kuɑŋ⁵⁵ liɛ⁴¹,kuɑŋ55 liɛ41,理发时修面,0,0,0,0,,光脸　kuɑŋ⁵⁵ liɛ⁴¹　理发时修面
38,uɑŋ 韵（收尾）,黄子,xuɑŋ³⁵ tʂʅ,xuɑŋ35 tʂʅ,东西，也指人，贬义：谁要那～｜那～不学好,0,0,0,0,,黄子　xuɑŋ³⁵ tʂʅ　东西，也指人，贬义：谁要那～｜那～不学好
38,uɑŋ 韵（收尾）,黄鲴子,xuɑŋ³⁵ ku³¹³ tʂʅ,xuɑŋ35 ku313 tʂʅ,小黄鱼,0,0,0,0,,黄鲴子　xuɑŋ³⁵ ku³¹³ tʂʅ　小黄鱼
38,uɑŋ 韵（收尾）,黄芽菜,xuɑŋ³⁵ iɑ³⁵ tʂʻɛ⁵⁵,xuɑŋ35 iɑ35 tʂʻɛ55,长帮大白菜,0,0,0,0,,黄芽菜　xuɑŋ³⁵ iɑ³⁵ tʂʻɛ⁵⁵　长帮大白菜
38,uɑŋ 韵（收尾）,黄老鼠,xuɑŋ³⁵ lɔ⁴¹ tʂʻu,xuɑŋ35 lɔ41 tʂʻu,黄鼠狼,0,0,0,0,,黄老鼠　xuɑŋ³⁵ lɔ⁴¹ tʂʻu　黄鼠狼
38,uɑŋ 韵（收尾）,黄狼子,xuɑŋ³⁵ lɑŋ³¹³ tʂʅ,xuɑŋ35 lɑŋ313 tʂʅ,,0,0,0,0,,黄狼子　xuɑŋ³⁵ lɑŋ³¹³ tʂʅ
38,uɑŋ 韵（收尾）,谎精,xuɑŋ⁴¹ tɕiŋ³¹³,xuɑŋ41 tɕiŋ313,爱撒谎的人,0,0,0,0,,谎精　xuɑŋ⁴¹ tɕiŋ³¹³　爱撒谎的人
38,uɑŋ 韵（收尾）,汪,uɑŋ³¹³,uɑŋ313,煮：～豆腐,0,0,0,0,,汪　uɑŋ³¹³　煮：～豆腐
38,uɑŋ 韵（收尾）,汪塘,uɑŋ³¹³ tʻɑŋ³⁵,uɑŋ313 tʻɑŋ35,水塘,0,0,0,0,,汪塘　uɑŋ³¹³ tʻɑŋ³⁵　水塘
38,uɑŋ 韵（收尾）,往天,uɑŋ⁴¹ tʻiɛ³¹³,uɑŋ41 tʻiɛ313,往日,0,0,0,0,,往天　uɑŋ⁴¹ tʻiɛ³¹³　往日
38,uɑŋ 韵（收尾）,网脚,uɑŋ⁴¹ tɕyə¹³,uɑŋ41 tɕyə13,拴在渔网底边的金属物,0,0,0,0,,网脚　uɑŋ⁴¹ tɕyə¹³　拴在渔网底边的金属物
38,uɑŋ 韵（收尾）,望笆,uɑŋ⁵⁵ pɑ³¹³,uɑŋ55 pɑ313,摆放在桁条之上的芦苇笆,0,0,0,0,,望笆　uɑŋ⁵⁵ pɑ³¹³　摆放在桁条之上的芦苇笆
38,uɑŋ 韵（收尾）,望呆,uɑŋ⁵⁵ tɛ³¹³,uɑŋ55 tɛ313,呆呆地看,0,0,0,0,,望呆　uɑŋ⁵⁵ tɛ³¹³　呆呆地看
38,uɑŋ 韵（收尾）,望葵,uɑŋ⁵⁵ kuei³⁵,uɑŋ55 kuei35,向日葵〔与页5词汇表望葵|照葵|向日葵互证〕,0,0,0,0,,望葵　uɑŋ⁵⁵ kuei³⁵　向日葵〔与页5词汇表望葵|照葵|向日葵互证〕
38,uɑŋ 韵（收尾）,忘死,uɑŋ⁵⁵ ʂɿ,uɑŋ55 ʂɿ,忘记,0,0,0,0,,忘死　uɑŋ⁵⁵ ʂɿ　忘记
38,uɑŋ 韵（收尾）,旺梢子,uɑŋ⁵⁵ ʂɔ³¹³ tʂʅ,uɑŋ55 ʂɔ313 tʂʅ,触须长的章鱼,0,0,0,0,,旺梢子　uɑŋ⁵⁵ ʂɔ³¹³ tʂʅ　触须长的章鱼
38,əŋ 韵,□,pəŋ³¹³,pəŋ313,溅：～了一身水,0,0,0,1,,□　pəŋ³¹³　溅：～了一身水
38,əŋ 韵,本历,pəŋ⁴¹ li⁵⁵,pəŋ41 li55,阴历,0,0,0,0,,本历　pəŋ⁴¹ li⁵⁵　阴历
38,əŋ 韵,笨癞蛙,pəŋ⁵⁵ lɛ⁵⁵ uɛ³⁵,pəŋ55 lɛ55 uɛ35,愚蠢的样子,0,0,0,0,,笨癞蛙　pəŋ⁵⁵ lɛ⁵⁵ uɛ³⁵　愚蠢的样子
38,əŋ 韵,碰,pʻəŋ⁵⁵,pʻəŋ55,正在：～吃饭｜他～找你,0,0,0,0,,碰　pʻəŋ⁵⁵　正在：～吃饭｜他～找你
38,əŋ 韵,闷,məŋ³¹³,məŋ313,少言寡语：～种,0,0,0,0,,闷　məŋ³¹³　少言寡语：～种
38,əŋ 韵,闷声拉气,məŋ³¹³ ʂəŋ³¹³ lɑ³¹³ tɕi⁵⁵,məŋ313 ʂəŋ313 lɑ313 tɕi55,,0,0,0,0,,闷声拉气　məŋ³¹³ ʂəŋ³¹³ lɑ³¹³ tɕi⁵⁵
38,əŋ 韵,闷吭吭,məŋ³¹³ kʻəŋ³¹³ kʻəŋ³¹³,məŋ313 kʻəŋ313 kʻəŋ313,,0,0,0,0,,闷吭吭　məŋ³¹³ kʻəŋ³¹³ kʻəŋ³¹³
38,əŋ 韵,□,məŋ³¹³,məŋ313,朽：棒泡久了，都～了,0,0,0,1,,□　məŋ³¹³　朽：棒泡久了，都～了
38,əŋ 韵,扪,məŋ³⁵,məŋ35,给植物摘心去头,0,0,0,0,,扪　məŋ³⁵　给植物摘心去头
38,əŋ 韵,门□后,məŋ³⁵ iɛ⁵⁵ xəu⁵⁵,məŋ35 iɛ55 xəu55,门背后,0,0,0,1,,门□后　məŋ³⁵ iɛ⁵⁵ xəu⁵⁵　门背后
38,əŋ 韵,门枕,məŋ³⁵ tʂəŋ⁴¹,məŋ35 tʂəŋ41,托住门轴的石墩,0,0,0,0,,门枕　məŋ³⁵ tʂəŋ⁴¹　托住门轴的石墩
38,əŋ 韵,蹲,təŋ³¹³,təŋ313,在：我不欢～家里,0,0,0,0,,蹲　təŋ³¹³　在：我不欢～家里
38,əŋ 韵,噔噔,təŋ³¹³ təŋ³¹³,təŋ313 təŋ313,拟声，表示结实：缸～的,0,0,0,0,,噔噔　təŋ³¹³ təŋ³¹³　拟声，表示结实：缸～的
38,əŋ 韵,灯草席子,təŋ³¹³ tʂʻɔ⁴¹ ɕi³⁵ tʂʅ,təŋ313 tʂʻɔ41 ɕi35 tʂʅ,草席子,0,0,0,0,,灯草席子　təŋ³¹³ tʂʻɔ⁴¹ ɕi³⁵ tʂʅ　草席子
38,əŋ 韵,灯潮,təŋ³¹³ tʂʻɔ³⁵,təŋ313 tʂʻɔ35,正月、二月引入养水滩的海水,0,0,0,0,,灯潮　təŋ³¹³ tʂʻɔ³⁵　正月、二月引入养水滩的海水
38,əŋ 韵,□牛,təŋ³¹³ liəu³⁵,təŋ313 liəu35,阉过的公水牛,0,0,0,1,,□牛　təŋ³¹³ liəu³⁵　阉过的公水牛
38,əŋ 韵,□,təŋ⁴¹,təŋ41,①大口吃：几口就～了一个馒头②张大口用力咬：恨不得～你两口,0,0,0,1,,□　təŋ⁴¹　①大口吃：几口就～了一个馒头②张大口用力咬：恨不得～你两口
38,əŋ 韵,□□,təŋ⁴¹ təŋ⁴¹,təŋ41 təŋ41,饭菜做得正好够吃,0,0,0,1,,□□　təŋ⁴¹ təŋ⁴¹　饭菜做得正好够吃
38,əŋ 韵,炖,təŋ⁵⁵,təŋ55,煮：水～开了｜～饭,0,0,0,0,,炖　təŋ⁵⁵　煮：水～开了｜～饭
38,əŋ 韵,燂,tʻəŋ³¹³,tʻəŋ313,一种热敷法,0,0,0,0,〔双审12x：火+覃 定案，燖（火+寻）排除〕,燂〔双审12x：火+覃 定案，燖（火+寻）排除〕　tʻəŋ³¹³　一种热敷法
38,əŋ 韵,豚猪,təŋ³⁵ tʂu³¹³,təŋ35 tʂu313,没阉过的小母猪,0,0,0,0,,豚猪　təŋ³⁵ tʂu³¹³　没阉过的小母猪
38,əŋ 韵,吞太阴,təŋ³¹³ tʻɛ⁵⁵ iŋ³¹³,təŋ313 tʻɛ55 iŋ313,日蚀,0,0,0,0,,吞太阴　təŋ³¹³ tʻɛ⁵⁵ iŋ³¹³　日蚀
38,əŋ 韵,吞日,təŋ³¹³ z̩ə¹³,təŋ313 z̩ə13,,0,0,0,0,,吞日　təŋ³¹³ z̩ə¹³
38,əŋ 韵,吞月,təŋ³¹³ yə¹³,təŋ313 yə13,月蚀,0,0,0,0,,吞月　təŋ³¹³ yə¹³　月蚀
38,əŋ 韵,踏,təŋ⁴¹,təŋ41,在泥水里踏：～烂泥,0,0,0,0,,踏　təŋ⁴¹　在泥水里踏：～烂泥
38,əŋ 韵,吞子,təŋ⁵⁵ tʂʅ,təŋ55 tʂʅ,嗓子,0,0,0,0,,吞子　təŋ⁵⁵ tʂʅ　嗓子
38,əŋ 韵,吞眼子,təŋ⁵⁵ iæ̃⁴¹,təŋ55 iæ̃41,,0,0,0,0,,吞眼子　təŋ⁵⁵ iæ̃⁴¹
39,əŋ 韵（收尾）,吞嗓眼,tʻəŋ⁵⁵ ʂɑŋ⁴¹ iæ̃⁴¹,tʻəŋ55 ʂɑŋ41 iæ̃41,,0,0,0,0,,吞嗓眼　tʻəŋ⁵⁵ ʂɑŋ⁴¹ iæ̃⁴¹
39,əŋ 韵（收尾）,锋快,təŋ³¹³ kʻuɛ⁵⁵,təŋ313 kʻuɛ55,锋利,0,0,0,0,,锋快　təŋ³¹³ kʻuɛ⁵⁵　锋利
39,əŋ 韵（收尾）,□,fəŋ⁵⁵,fəŋ55,虫子蛀了衣服、木器,0,0,0,1,,□　fəŋ⁵⁵　虫子蛀了衣服、木器
39,əŋ 韵（收尾）,能虫,ləŋ³⁵ tʂʻoŋ³⁵,ləŋ35 tʂʻoŋ35,手巧能干的人,0,0,0,0,,能虫　ləŋ³⁵ tʂʻoŋ³⁵　手巧能干的人
39,əŋ 韵（收尾）,冷子,ləŋ⁴¹ tʂʅ,ləŋ41 tʂʅ,冰雹,0,0,0,0,,冷子　ləŋ⁴¹ tʂʅ　冰雹
39,əŋ 韵（收尾）,冷阵,ləŋ⁴¹ tʂəŋ,ləŋ41 tʂəŋ,,0,0,0,0,,冷阵　ləŋ⁴¹ tʂəŋ
39,əŋ 韵（收尾）,冷铺,ləŋ⁴¹ pʻu⁵⁵,ləŋ41 pʻu55,死人睡的地铺,0,0,0,0,,冷铺　ləŋ⁴¹ pʻu⁵⁵　死人睡的地铺
39,əŋ 韵（收尾）,愣愣,ləŋ⁵⁵ ləŋ⁵⁵,ləŋ55 ləŋ55,等一会儿：～再来,0,0,0,0,,愣愣　ləŋ⁵⁵ ləŋ⁵⁵　等一会儿：～再来
39,əŋ 韵（收尾）,嫩绰,ləŋ⁵⁵ tʂʻɔ³⁵,ləŋ55 tʂʻɔ35,嫩：菜炒～的,0,0,0,0,,嫩绰　ləŋ⁵⁵ tʂʻɔ³⁵　嫩：菜炒～的
39,əŋ 韵（收尾）,争嘴堂,tʂəŋ³¹³ tɕei⁴¹ tʻɑŋ³⁵,tʂəŋ313 tɕei41 tʻɑŋ35,后脑勺的浅沟,0,0,0,0,,争嘴堂　tʂəŋ³¹³ tɕei⁴¹ tʻɑŋ³⁵　后脑勺的浅沟
39,əŋ 韵（收尾）,整,tʂəŋ⁴¹,tʂəŋ41,①全部：几只鸡～拿去三块也不卖②抟塑：～泥蛋子,0,0,0,0,,整　tʂəŋ⁴¹　①全部：几只鸡～拿去三块也不卖②抟塑：～泥蛋子
39,əŋ 韵（收尾）,⿰尊刂形字,tʂəŋ⁴¹,tʂəŋ41,缩小：裤腰肥了，往里～～,0,0,0,0,〔双审12x：尊+刂，原记「鬇」（髟+争）完全不合；tʂəŋ⁴¹ 缩小义用字待考照录〕,⿰尊刂形字〔双审12x：尊+刂，原记「鬇」（髟+争）完全不合；tʂəŋ⁴¹ 缩小义用字待考照录〕　tʂəŋ⁴¹　缩小：裤腰肥了，往里～～
39,əŋ 韵（收尾）,正朝,tʂəŋ⁵⁵ tʂɔ³¹³,tʂəŋ55 tʂɔ313,结婚的当天,0,0,0,0,,正朝　tʂəŋ⁵⁵ tʂɔ³¹³　结婚的当天
39,əŋ 韵（收尾）,正日,tʂəŋ⁵⁵ z̩ə¹³,tʂəŋ55 z̩ə13,,0,0,0,0,,正日　tʂəŋ⁵⁵ z̩ə¹³
39,əŋ 韵（收尾）,阵头,tʂəŋ⁵⁵ tʻəu³⁵,tʂəŋ55 tʻəu35,①双虹②雷阵雨：来～了,0,0,0,0,,阵头　tʂəŋ⁵⁵ tʻəu³⁵　①双虹②雷阵雨：来～了
39,əŋ 韵（收尾）,趁手,tʂʻəŋ⁵⁵ ʂəu⁴¹,tʂʻəŋ55 ʂəu41,合手：家什用起来～,0,0,0,0,,趁手　tʂʻəŋ⁵⁵ ʂəu⁴¹　合手：家什用起来～
39,əŋ 韵（收尾）,生卤,ʂəŋ³¹³ lu⁴¹,ʂəŋ313 lu41,没熬过的卤块,0,0,0,0,,生卤　ʂəŋ³¹³ lu⁴¹　没熬过的卤块
39,əŋ 韵（收尾）,生疼,ʂəŋ³¹³ tʻəŋ³⁵,ʂəŋ313 tʻəŋ35,很疼,0,0,0,0,,生疼　ʂəŋ³¹³ tʻəŋ³⁵　很疼
39,əŋ 韵（收尾）,生性,ʂəŋ³¹³ ɕiŋ⁵⁵,ʂəŋ313 ɕiŋ55,性格、脾气,0,0,0,0,,生性　ʂəŋ³¹³ ɕiŋ⁵⁵　性格、脾气
39,əŋ 韵（收尾）,哂,ʂəŋ³¹³,ʂəŋ313,讥讽：说话～人,0,0,0,0,〔双审12x：口+西 定案，讥讽义正合、调③合；原转录「晒」（日+西）订正〕,哂〔双审12x：口+西 定案，讥讽义正合、调③合；原转录「晒」（日+西）订正〕　ʂəŋ³¹³　讥讽：说话～人
39,əŋ 韵（收尾）,损种,ʂəŋ⁴¹ tʂoŋ⁴¹,ʂəŋ41 tʂoŋ41,坏种,0,0,0,0,,损种　ʂəŋ⁴¹ tʂoŋ⁴¹　坏种
39,əŋ 韵（收尾）,人情□□,z̩əŋ³¹³ tɕʻiŋ³⁵ lɛ³¹³ lɛ³¹³,z̩əŋ313 tɕʻiŋ35 lɛ313 lɛ313,人情很重，含不满情绪,0,0,0,1,,人情□□　z̩əŋ³¹³ tɕʻiŋ³⁵ lɛ³¹³ lɛ³¹³　人情很重，含不满情绪
39,əŋ 韵（收尾）,任野,z̩əŋ⁵⁵ ɪ⁴¹,z̩əŋ55 ɪ41,肆无忌惮：～打,0,0,0,0,,任野　z̩əŋ⁵⁵ ɪ⁴¹　肆无忌惮：～打
39,əŋ 韵（收尾）,跟,kəŋ³¹³,kəŋ313,如：大青年不～个女的有劲,0,0,0,0,,跟　kəŋ³¹³　如：大青年不～个女的有劲
39,əŋ 韵（收尾）,跟脚,kəŋ³¹³ tɕyə¹³,kəŋ313 tɕyə13,鞋的大小合脚，便于走路,0,0,0,0,,跟脚　kəŋ³¹³ tɕyə¹³　鞋的大小合脚，便于走路
39,əŋ 韵（收尾）,□,kʻəŋ³¹³,kʻəŋ313,低：头～着〔与页16 kʻ①□低:头～着互证〕,0,0,0,1,,□　kʻəŋ³¹³　低：头～着〔与页16 kʻ①□低:头～着互证〕
39,əŋ 韵（收尾）,坑得了,kʻəŋ⁴¹ tə¹³ lə,kʻəŋ41 tə13 lə,糟了、坏了：你不～吗，啥也做不好〔与页5词汇表坑得了|糟了互证〕,0,0,0,0,,坑得了　kʻəŋ⁴¹ tə¹³ lə　糟了、坏了：你不～吗，啥也做不好〔与页5词汇表坑得了|糟了互证〕
39,əŋ 韵（收尾）,⿰扌青形字,kʻəŋ⁵⁵,kʻəŋ55,紧紧抓住：这条大鱼～不住,0,0,0,0,〔双审12x：扌+青（近掅），揩/掯候选字形均不合；紧抓义用字待考照录；页16互证存注〕,⿰扌青形字〔双审12x：扌+青（近掅），揩/掯候选字形均不合；紧抓义用字待考照录；页16互证存注〕　kʻəŋ⁵⁵　紧紧抓住：这条大鱼～不住
39,əŋ 韵（收尾）,⿰土青形字,kʻəŋ⁵⁵,kʻəŋ55,垢：牙～｜茶～｜尿～,0,0,0,0,〔双审12x：土+青形右旁，墏/硻候选均不合；垢义用字待考照录；页16互证存注〕,⿰土青形字〔双审12x：土+青形右旁，墏/硻候选均不合；垢义用字待考照录；页16互证存注〕　kʻəŋ⁵⁵　垢：牙～｜茶～｜尿～
39,əŋ 韵（收尾）,很,xəŋ⁴¹,xəŋ41,①厉害：你还～了，有啥了不起的②严重：病～了③多：他家钱～了,0,0,0,0,,很　xəŋ⁴¹　①厉害：你还～了，有啥了不起的②严重：病～了③多：他家钱～了
39,əŋ 韵（收尾）,□,əŋ⁵⁵,əŋ55,扔、撂：～远远的,0,0,0,1,,□　əŋ⁵⁵　扔、撂：～远远的
39,iŋ 韵,冰扎凉,piŋ³¹³ tʂʻə¹³ liɑŋ³⁵,piŋ313 tʂʻə13 liɑŋ35,冰冷刺骨,0,0,0,0,,冰扎凉　piŋ³¹³ tʂʻə¹³ liɑŋ³⁵　冰冷刺骨
39,iŋ 韵,贫嘴寡舌,piŋ³⁵ tɕei⁴¹ kuɑ⁴¹ ʂə¹³,piŋ35 tɕei41 kuɑ41 ʂə13,言语尖酸刻薄，絮叨,0,0,0,0,,贫嘴寡舌　piŋ³⁵ tɕei⁴¹ kuɑ⁴¹ ʂə¹³　言语尖酸刻薄，絮叨
39,iŋ 韵,顶,tiŋ⁴¹,tiŋ41,到：～现在才来,0,0,0,0,,顶　tiŋ⁴¹　到：～现在才来
39,iŋ 韵,定真,tiŋ⁵⁵ tʂəŋ³¹³,tiŋ55 tʂəŋ313,认真,0,0,0,0,,定真　tiŋ⁵⁵ tʂəŋ³¹³　认真
39,iŋ 韵,腚盘子,tiŋ⁵⁵ pʻõ³⁵ tʂʅ,tiŋ55 pʻõ35 tʂʅ,臀部,0,0,0,0,,腚盘子　tiŋ⁵⁵ pʻõ³⁵ tʂʅ　臀部
39,iŋ 韵,腚垂子,tiŋ⁵⁵ tʂuei³⁵ tʂʅ,tiŋ55 tʂuei35 tʂʅ,,0,0,0,0,,腚垂子　tiŋ⁵⁵ tʂuei³⁵ tʂʅ
39,iŋ 韵,听门子,tiŋ³¹³ məŋ³⁵ tʂʅ,tiŋ313 məŋ35 tʂʅ,在门窗外偷听室内人讲话,0,0,0,0,,听门子　tiŋ³¹³ məŋ³⁵ tʂʅ　在门窗外偷听室内人讲话
39,iŋ 韵,听说,tiŋ³¹³ ʂuə¹³,tiŋ313 ʂuə13,听从别人的意见,0,0,0,0,,听说　tiŋ³¹³ ʂuə¹³　听从别人的意见
39,iŋ 韵,停床,tiŋ³⁵ tʂʻuɑŋ,tiŋ35 tʂʻuɑŋ,放尸体的门板,0,0,0,0,,停床　tiŋ³⁵ tʂʻuɑŋ　放尸体的门板
39,iŋ 韵,停停,tiŋ³⁵ tiŋ³⁵,tiŋ35 tiŋ35,完毕、做好：给弄～,0,0,0,0,,停停　tiŋ³⁵ tiŋ³⁵　完毕、做好：给弄～
39,iŋ 韵,停停当当,tiŋ³⁵ tiŋ³⁵ tɑŋ⁵⁵ tɑŋ⁵⁵,tiŋ35 tiŋ35 tɑŋ55 tɑŋ55,,0,0,0,0,,停停当当　tiŋ³⁵ tiŋ³⁵ tɑŋ⁵⁵ tɑŋ⁵⁵
39,iŋ 韵,莛杆,tiŋ³⁵ kæ̃,tiŋ35 kæ̃,高粱杆连接穗头的那一节,0,0,0,0,,莛杆　tiŋ³⁵ kæ̃　高粱杆连接穗头的那一节
39,iŋ 韵,挺潮拉湿,tʻiŋ⁴¹ tʂʻɔ³⁵ lɑ³¹³ ʂə¹³,tʻiŋ41 tʂʻɔ35 lɑ313 ʂə13,潮湿,0,0,0,0,,挺潮拉湿　tʻiŋ⁴¹ tʂʻɔ³⁵ lɑ³¹³ ʂə¹³　潮湿
39,iŋ 韵,挺,tiŋ⁵⁵,tiŋ55,打：～一顿〔与页16 tʻ④梃/挺打互证〕,0,0,0,0,,挺　tiŋ⁵⁵　打：～一顿〔与页16 tʻ④梃/挺打互证〕
39,iŋ 韵,□,liŋ⁵⁵,liŋ55,零落：～树叶子,0,0,0,1,,□　liŋ⁵⁵　零落：～树叶子
39,iŋ 韵,另肩,liŋ⁵⁵ tɕiɛ³¹³,liŋ55 tɕiɛ313,一肩高一肩低：长～了,0,0,0,0,,另肩　liŋ⁵⁵ tɕiɛ³¹³　一肩高一肩低：长～了
39,iŋ 韵,筋□□,tɕiŋ³¹³ tʂue⁴¹ tʂue⁴¹,tɕiŋ313 tʂue41 tʂue41,结实、有韧性：咬在嘴里～的｜胳膊长～的,0,0,0,1,,筋□□　tɕiŋ³¹³ tʂue⁴¹ tʂue⁴¹　结实、有韧性：咬在嘴里～的｜胳膊长～的
39,iŋ 韵,经饿,tɕiŋ³¹³ ɔ⁵⁵,tɕiŋ313 ɔ55,耐饿：吃饺子～,0,0,0,0,,经饿　tɕiŋ³¹³ ɔ⁵⁵　耐饿：吃饺子～
39,iŋ 韵,精,tɕiŋ³¹³,tɕiŋ313,很，非常，表示程度小：～矮｜～瘦｜～松｜～轻｜～稀,0,0,0,0,,精　tɕiŋ³¹³　很，非常，表示程度小：～矮｜～瘦｜～松｜～轻｜～稀
39,iŋ 韵,精溜光,tɕiŋ³¹³ liəu³¹³ kuɑŋ³¹³,tɕiŋ313 liəu313 kuɑŋ313,裸体,0,0,0,0,,精溜光　tɕiŋ³¹³ liəu³¹³ kuɑŋ³¹³　裸体
39,iŋ 韵,精光溜神,tɕiŋ³¹³ kuɑŋ³¹³ liəu³¹³ ʂəŋ³⁵,tɕiŋ313 kuɑŋ313 liəu313 ʂəŋ35,,0,0,0,0,,精光溜神　tɕiŋ³¹³ kuɑŋ³¹³ liəu³¹³ ʂəŋ³⁵
39,iŋ 韵,紧赶紧,tɕiŋ⁴¹ tæ̃⁴¹ tɕiŋ⁴¹,tɕiŋ41 tæ̃41 tɕiŋ41,紧上加紧：～才追上,0,0,0,0,,紧赶紧　tɕiŋ⁴¹ tæ̃⁴¹ tɕiŋ⁴¹　紧上加紧：～才追上
39,iŋ 韵,尽,tɕiŋ⁵⁵,tɕiŋ55,①只管：饭很多～吃②任凭：要是不听话得～我打,0,0,0,0,,尽　tɕiŋ⁵⁵　①只管：饭很多～吃②任凭：要是不听话得～我打
39,iŋ 韵,净光,tɕiŋ⁵⁵ kuɑŋ³¹³,tɕiŋ55 kuɑŋ313,光：吃个～｜光～,0,0,0,0,,净光　tɕiŋ⁵⁵ kuɑŋ³¹³　光：吃个～｜光～
40,iŋ 韵（收尾）,青皮二混子,tɕʻiŋ³¹³ pʻi³⁵ ɛ⁵⁵ xoŋ⁵⁵ tʂʅ,tɕʻiŋ313 pʻi35 ɛ55 xoŋ55 tʂʅ,地痞,0,0,0,0,,青皮二混子　tɕʻiŋ³¹³ pʻi³⁵ ɛ⁵⁵ xoŋ⁵⁵ tʂʅ　地痞
40,iŋ 韵（收尾）,青混子,tɕʻiŋ xoŋ⁵⁵ tʂʅ,tɕʻiŋ xoŋ55 tʂʅ,青鱼,0,0,0,0,,青混子　tɕʻiŋ xoŋ⁵⁵ tʂʅ　青鱼
40,iŋ 韵（收尾）,亲亲,tɕʻiŋ³¹³ tɕiŋ,tɕʻiŋ313 tɕiŋ,亲戚,0,0,0,0,,亲亲　tɕʻiŋ³¹³ tɕiŋ　亲戚
40,iŋ 韵（收尾）,□死,tɕʻiŋ³⁵ ʂɿ⁴¹,tɕʻiŋ35 ʂɿ41,自杀、自寻死路：～啊，往车上撞,0,0,0,1,,□死　tɕʻiŋ³⁵ ʂɿ⁴¹　自杀、自寻死路：～啊，往车上撞
40,iŋ 韵（收尾）,勤利,tɕʻiŋ³⁵,tɕʻiŋ35,li　勤快,0,0,0,0,,勤利　tɕʻiŋ³⁵ li　勤快
40,iŋ 韵（收尾）,兴,ɕiŋ³¹³,ɕiŋ313,许可：不～这样干,0,0,0,0,,兴　ɕiŋ³¹³　许可：不～这样干
40,iŋ 韵（收尾）,星星,ɕiŋ³¹³ ɕiŋ³¹³,ɕiŋ313 ɕiŋ313,蜻蜓,0,0,0,0,,星星　ɕiŋ³¹³ ɕiŋ³¹³　蜻蜓
40,iŋ 韵（收尾）,心话,ɕiŋ³¹³ xuɑ⁵⁵,ɕiŋ313 xuɑ55,心里想、认为：你～是这样,0,0,0,0,,心话　ɕiŋ³¹³ xuɑ⁵⁵　心里想、认为：你～是这样
40,iŋ 韵（收尾）,心口窝,ɕiŋ³¹³ kʻəu⁴¹ ɔ³¹³,ɕiŋ313 kʻəu41 ɔ313,胸口,0,0,0,0,,心口窝　ɕiŋ³¹³ kʻəu⁴¹ ɔ³¹³　胸口
40,iŋ 韵（收尾）,行,ɕiŋ³⁵,ɕiŋ35,层：一～一～揭开,0,0,0,0,,行　ɕiŋ³⁵　层：一～一～揭开
40,iŋ 韵（收尾）,行行,ɕiŋ³⁵ ɕiŋ³⁵,ɕiŋ35 ɕiŋ35,①好好的：～的来打他一下干什么②动词后缀，表示正在进行着：干～｜走～｜吃～｜用～｜想～｜睡～,0,0,0,0,,行行　ɕiŋ³⁵ ɕiŋ³⁵　①好好的：～的来打他一下干什么②动词后缀，表示正在进行着：干～｜走～｜吃～｜用～｜想～｜睡～
40,iŋ 韵（收尾）,行壮,ɕiŋ³⁵ tʂuɑŋ,ɕiŋ35 tʂuɑŋ,老年人身体好。也叫硬壮,0,0,0,0,,行壮　ɕiŋ³⁵ tʂuɑŋ　老年人身体好。也叫硬壮
40,iŋ 韵（收尾）,兴,ɕiŋ⁵⁵,ɕiŋ55,兴灾乐祸：人家损倒了，看你～的,0,0,0,0,,兴　ɕiŋ⁵⁵　兴灾乐祸：人家损倒了，看你～的
40,iŋ 韵（收尾）,信壳子,ɕiŋ⁵⁵ kʻə¹³ tʂʅ,ɕiŋ55 kʻə13 tʂʅ,信封〔与页5词汇表信壳子|信皮子|信封互证〕,0,0,0,0,,信壳子　ɕiŋ⁵⁵ kʻə¹³ tʂʅ　信封〔与页5词汇表信壳子|信皮子|信封互证〕
40,iŋ 韵（收尾）,信皮子,ɕiŋ⁵⁵ pʻi³⁵ tʂʅ,ɕiŋ55 pʻi35 tʂʅ,,0,0,0,0,,信皮子　ɕiŋ⁵⁵ pʻi³⁵ tʂʅ
40,iŋ 韵（收尾）,阴,iŋ³¹³,iŋ313,①阴险有心计②说话时暗中讽刺别人③故意刁难不肯出力,0,0,0,0,,阴　iŋ³¹³　①阴险有心计②说话时暗中讽刺别人③故意刁难不肯出力
40,iŋ 韵（收尾）,阴缉,iŋ³¹³ ɕiɪ,iŋ313 ɕiɪ,故意刁难,0,0,0,0,,阴缉　iŋ³¹³ ɕiɪ　故意刁难
40,iŋ 韵（收尾）,阴拉拉,iŋ³¹³ lɑ³¹³ lɑ³¹³,iŋ313 lɑ313 lɑ313,阴天湿度大,0,0,0,0,,阴拉拉　iŋ³¹³ lɑ³¹³ lɑ³¹³　阴天湿度大
40,iŋ 韵（收尾）,因由,iŋ³¹³ iəu³⁵,iŋ313 iəu35,①借口：没～找事②消磨时光的依托：咬着奶嘴当～,0,0,0,0,,因由　iŋ³¹³ iəu³⁵　①借口：没～找事②消磨时光的依托：咬着奶嘴当～
40,iŋ 韵（收尾）,饮汤,iŋ⁴¹ tɑŋ³¹³,iŋ41 tɑŋ313,米汤：做干饭撇～,0,0,0,0,,饮汤　iŋ⁴¹ tɑŋ³¹³　米汤：做干饭撇～
40,oŋ/ioŋ 韵,笼布,loŋ³⁵ pu⁵⁵,loŋ35 pu55,做豆腐、蒸馒头用的纱布,0,0,0,0,,笼布　loŋ³⁵ pu⁵⁵　做豆腐、蒸馒头用的纱布
40,oŋ/ioŋ 韵,龙眼乌,loŋ³⁵ iæ̃⁴¹ u³¹³,loŋ35 iæ̃41 u313,黎明或黄昏时,0,0,0,0,,龙眼乌　loŋ³⁵ iæ̃⁴¹ u³¹³　黎明或黄昏时
40,oŋ/ioŋ 韵,怎着,tʂoŋ⁴¹ tsə,tʂoŋ41 tsə,吓唬、治服：你能～谁,0,0,0,0,,怎着　tʂoŋ⁴¹ tsə　吓唬、治服：你能～谁
40,oŋ/ioŋ 韵,种,tʂoŋ⁴¹,tʂoŋ41,死灰复燃：～火做饭〔与页17 oŋ tʂ③□～火:使死火复燃互证〕,0,0,0,0,,种　tʂoŋ⁴¹　死灰复燃：～火做饭〔与页17 oŋ tʂ③□～火:使死火复燃互证〕
40,oŋ/ioŋ 韵,粽猪,tʂoŋ⁵⁵ tʂu³¹³,tʂoŋ55 tʂu313,没阉的小公猪,0,0,0,0,,粽猪　tʂoŋ⁵⁵ tʂu³¹³　没阉的小公猪
40,oŋ/ioŋ 韵,葱脆,tʂʻoŋ³¹³ tʂʻei⁵⁵,tʂʻoŋ313 tʂʻei55,脆：大饼～,0,0,0,0,,葱脆　tʂʻoŋ³¹³ tʂʻei⁵⁵　脆：大饼～
40,oŋ/ioŋ 韵,冲,tʂʻoŋ³¹³,tʂʻoŋ313,剪刀张开向前推进剪布：把布～开,0,0,0,0,,冲　tʂʻoŋ³¹³　剪刀张开向前推进剪布：把布～开
40,oŋ/ioŋ 韵,充能,tʂʻoŋ³¹³ ləŋ³⁵,tʂʻoŋ313 ləŋ35,逞能,0,0,0,0,,充能　tʂʻoŋ³¹³ ləŋ³⁵　逞能
40,oŋ/ioŋ 韵,謥,tʂʻoŋ⁵⁵,tʂʻoŋ55,说话顶撞人：说话～～～的,0,0,0,0,,謥　tʂʻoŋ⁵⁵　说话顶撞人：说话～～～的
40,oŋ/ioŋ 韵,铳,tʂʻoŋ⁵⁵,tʂʻoŋ55,枪毙,0,0,0,0,,铳　tʂʻoŋ⁵⁵　枪毙
40,oŋ/ioŋ 韵,冲,tʂʻoŋ⁵⁵,tʂʻoŋ55,正对着：树正～着大门,0,0,0,0,,冲　tʂʻoŋ⁵⁵　正对着：树正～着大门
40,oŋ/ioŋ 韵,送房,ʂoŋ⁵⁵ fɑŋ³⁵,ʂoŋ55 fɑŋ35,新婚之夜，在闹房人离开前放鞭炮,0,0,0,0,,送房　ʂoŋ⁵⁵ fɑŋ³⁵　新婚之夜，在闹房人离开前放鞭炮
40,oŋ/ioŋ 韵,⿱⺤夂形字麦,koŋ⁴¹ mə¹³,koŋ41 mə13,元麦,0,0,0,0,〔双审12x：首字近复/⿱⺤夂形，艿/粃均不合，用字待考照录〕,⿱⺤夂形字麦〔双审12x：首字近复/⿱⺤夂形，艿/粃均不合，用字待考照录〕　koŋ⁴¹ mə¹³　元麦
40,oŋ/ioŋ 韵,窎,koŋ⁴¹,koŋ41,钻：从洞里～过去,0,0,0,0,〔双审12x：穴+鸟 定案，竆（穴+躬）排除；kɔŋ⁴¹ 与窎音不合，原书用字待考照录〕,窎〔双审12x：穴+鸟 定案，竆（穴+躬）排除；kɔŋ⁴¹ 与窎音不合，原书用字待考照录〕　koŋ⁴¹　钻：从洞里～过去
40,oŋ/ioŋ 韵,滚堂痧子,koŋ⁴¹ tʻɑŋ³⁵ ʂɑ³¹³ tʂʅ,koŋ41 tʻɑŋ35 ʂɑ313 tʂʅ,盲肠炎,0,0,0,0,,滚堂痧子　koŋ⁴¹ tʻɑŋ³⁵ ʂɑ³¹³ tʂʅ　盲肠炎
40,oŋ/ioŋ 韵,滚,koŋ⁴¹,koŋ41,很，热度大：～热｜～烫｜～水,0,0,0,0,,滚　koŋ⁴¹　很，热度大：～热｜～烫｜～水
40,oŋ/ioŋ 韵,□,xoŋ³¹³,xoŋ313,熟透变软：～柿子｜烤山芋透～〔与页17 x①□变软:～柿子互证〕,0,0,0,1,,□　xoŋ³¹³　熟透变软：～柿子｜烤山芋透～〔与页17 x①□变软:～柿子互证〕
40,oŋ/ioŋ 韵,荤,xoŋ³¹³,xoŋ313,低级下流：讲个～的,0,0,0,0,,荤　xoŋ³¹³　低级下流：讲个～的
40,oŋ/ioŋ 韵,横冲子,xoŋ³⁵ tʂʻoŋ³¹³ tʂʅ,xoŋ35 tʂʻoŋ313 tʂʅ,做事不加考虑的人,0,0,0,0,,横冲子　xoŋ³⁵ tʂʻoŋ³¹³ tʂʅ　做事不加考虑的人
40,oŋ/ioŋ 韵,混子,xoŋ⁵⁵ tʂʅ,xoŋ55 tʂʅ,草鱼,0,0,0,0,,混子　xoŋ⁵⁵ tʂʅ　草鱼
40,oŋ/ioŋ 韵,温,oŋ³¹³,oŋ313,很，程度深的：～臭｜～臊,0,0,0,0,,温　oŋ³¹³　很，程度深的：～臭｜～臊
40,oŋ/ioŋ 韵,温淘,oŋ³¹³ tə,oŋ313 tə,没烧开的：～水｜～饭,0,0,0,0,,温淘　oŋ³¹³ tə　没烧开的：～水｜～饭
40,oŋ/ioŋ 韵,问,oŋ⁵⁵,oŋ55,介词，朝：你～她叫大姐,0,0,0,0,,问　oŋ⁵⁵　介词，朝：你～她叫大姐
40,oŋ/ioŋ 韵,瓮子,oŋ⁵⁵ tʂʅ,oŋ55 tʂʅ,脾气暴躁的人,0,0,0,0,,瓮子　oŋ⁵⁵ tʂʅ　脾气暴躁的人
40,oŋ/ioŋ 韵,懂,toŋ⁴¹,toŋ41,知道：他走了你～不～,0,0,0,0,,懂　toŋ⁴¹　知道：他走了你～不～
40,oŋ/ioŋ 韵,冻,toŋ⁵⁵,toŋ55,冰,0,0,0,0,,冻　toŋ⁵⁵　冰
40,oŋ/ioŋ 韵,冻溜溜,toŋ⁵⁵ liəu³⁵ liəu,toŋ55 liəu35 liəu,檐下冰锥,0,0,0,0,,冻溜溜　toŋ⁵⁵ liəu³⁵ liəu　檐下冰锥
40,oŋ/ioŋ 韵,冻叮当,toŋ⁵⁵ tiŋ³¹³ tɑŋ³¹³,toŋ55 tiŋ313 tɑŋ313,,0,0,0,0,,冻叮当　toŋ⁵⁵ tiŋ³¹³ tɑŋ³¹³
40,oŋ/ioŋ 韵,通腿,tʻoŋ³¹³ tʻei⁴¹,tʻoŋ313 tʻei41,两人各睡一头合盖一床被子〔与页27 捣腿互证〕,0,0,0,0,,通腿　tʻoŋ³¹³ tʻei⁴¹　两人各睡一头合盖一床被子〔与页27 捣腿互证〕
40,oŋ/ioŋ 韵,兄媳妇,ɕioŋ³¹³ ɕiɪ¹³,ɕioŋ313 ɕiɪ13,fu　弟弟的妻子,0,0,0,0,,兄媳妇　ɕioŋ³¹³ ɕiɪ¹³ fu　弟弟的妻子
40,oŋ/ioŋ 韵,熊,ɕioŋ³⁵,ɕioŋ35,①斥责：～他一顿②无能：～包｜～样子,0,0,0,0,,熊　ɕioŋ³⁵　①斥责：～他一顿②无能：～包｜～样子
40,oŋ/ioŋ 韵,⿰扌肅形字,ioŋ³¹³,ioŋ313,用肩膀推、用手推：～门,0,0,0,0,〔双审12x：扌+肅形右旁，原记「揈」不合；ioŋ³¹③ 推义用字待考照录〕,⿰扌肅形字〔双审12x：扌+肅形右旁，原记「揈」不合；ioŋ³¹③ 推义用字待考照录〕　ioŋ³¹³　用肩膀推、用手推：～门
40,ə 韵,拔,pe¹³,pe13,拿出：每人～十块钱〔与页17 aʔ组拔跋互证，此处作 pe¹³〕,0,0,0,0,〔双审：字形确认〕,拔〔双审：字形确认〕　pe¹³　拿出：每人～十块钱〔与页17 aʔ组拔跋互证，此处作 pe¹³〕
41,aʔ 韵（承页40）,拔会,pə¹³ xuei⁵⁵,pə13 xuei55,凑份子钱,0,0,0,0,,拔会　pə¹³ xuei⁵⁵　凑份子钱
41,aʔ 韵（承页40）,□,pə¹³,pə13,放在冷水中浸泡：～西瓜,0,0,0,1,,□　pə¹³　放在冷水中浸泡：～西瓜
41,aʔ 韵（承页40）,八带鱼,pə¹³ tɛ⁵⁵ y³⁵,pə13 tɛ55 y35,章鱼,0,0,0,0,,八带鱼　pə¹³ tɛ⁵⁵ y³⁵　章鱼
41,aʔ 韵（承页40）,跦,mə¹³,mə13,越过：从门口～过去,0,0,0,0,,跦　mə¹³　越过：从门口～过去
41,aʔ 韵（承页40）,发乌,fə¹³ u³¹³,fə13 u313,不鲜艳：颜色～,0,0,0,0,,发乌　fə¹³ u³¹³　不鲜艳：颜色～
41,aʔ 韵（承页40）,发水,fə¹³ ʂuei⁴¹,fə13 ʂuei41,发洪水,0,0,0,0,,发水　fə¹³ ʂuei⁴¹　发洪水
41,aʔ 韵（承页40）,发躁,fə¹³ tʂɔ⁵⁵,fə13 tʂɔ55,着急,0,0,0,0,,发躁　fə¹³ tʂɔ⁵⁵　着急
41,aʔ 韵（承页40）,发热,fə¹³ z̩ə¹³,fə13 z̩ə13,儿童感冒发烧,0,0,0,0,,发热　fə¹³ z̩ə¹³　儿童感冒发烧
41,aʔ 韵（承页40）,搭溜子,tə¹³ liəu³¹³ tʂʅ,tə13 liəu313 tʂʅ,褡裢,0,0,0,0,,搭溜子　tə¹³ liəu³¹³ tʂʅ　褡裢
41,aʔ 韵（承页40）,搭搭手,tə¹³ tə¹³ ʂəu⁴¹,tə13 tə13 ʂəu41,帮帮手：～抬过去,0,0,0,0,,搭搭手　tə¹³ tə¹³ ʂəu⁴¹　帮帮手：～抬过去
41,aʔ 韵（承页40）,塌,tʻə¹³,tʻə13,脱漏：～班｜～了一班车,0,0,0,0,,塌　tʻə¹³　脱漏：～班｜～了一班车
41,aʔ 韵（承页40）,塌肩,tʻə¹³ tɕiɛ³¹³,tʻə13 tɕiɛ313,肩部前倾,0,0,0,0,,塌肩　tʻə¹³ tɕiɛ³¹³　肩部前倾
41,aʔ 韵（承页40）,溻,tʻə¹³,tʻə13,汗水湿透衣服、被褥,0,0,0,0,,溻　tʻə¹³　汗水湿透衣服、被褥
41,aʔ 韵（承页40）,溻夏褂子,tʻə¹³ ɕiɑ⁵⁵ kuɑ⁵⁵ tʂʅ,tʻə13 ɕiɑ55 kuɑ55 tʂʅ,夏天穿的褂子,0,0,0,0,,溻夏褂子　tʻə¹³ ɕiɑ⁵⁵ kuɑ⁵⁵ tʂʅ　夏天穿的褂子
41,aʔ 韵（承页40）,溻尿,tʻə¹³ ʂei³¹³,tʻə13 ʂei313,尿床,0,0,0,0,,溻尿　tʻə¹³ ʂei³¹³　尿床
41,aʔ 韵（承页40）,溻尿龙,tʻə¹³ ʂei³¹³ loŋ³⁵,tʻə13 ʂei313 loŋ35,常尿床的人,0,0,0,0,,溻尿龙　tʻə¹³ ʂei³¹³ loŋ³⁵　常尿床的人
41,aʔ 韵（承页40）,溻嘴,tʻə¹³ tɕei⁴¹,tʻə13 tɕei41,偷吃,0,0,0,0,,溻嘴　tʻə¹³ tɕei⁴¹　偷吃
41,aʔ 韵（承页40）,溻青,tʻə¹³ tɕʻiŋ³¹³,tʻə13 tɕʻiŋ313,牛羊偷吃禾苗,0,0,0,0,,溻青　tʻə¹³ tɕʻiŋ³¹³　牛羊偷吃禾苗
41,aʔ 韵（承页40）,捺,lə¹³,lə13,抑制：～～性子,0,0,0,0,,捺　lə¹³　抑制：～～性子
41,aʔ 韵（承页40）,辣萝卜,lə¹³ lɔ³⁵ pə,lə13 lɔ35 pə,萝卜,0,0,0,0,,辣萝卜　lə¹³ lɔ³⁵ pə　萝卜
41,aʔ 韵（承页40）,邋杂,lə¹³,lə13,tsa　不利落，脏,0,0,0,0,,邋杂　lə¹³ tsa　不利落，脏
41,aʔ 韵（承页40）,撒,tsə¹³,tsə13,下陷：墙跟～了,0,0,0,0,,撒　tsə¹³　下陷：墙跟～了
41,aʔ 韵（承页40）,扎,tsə¹³,tsə13,①生长：～牙②冰冷刺骨：凉水～牙,0,0,0,0,,扎　tsə¹³　①生长：～牙②冰冷刺骨：凉水～牙
41,aʔ 韵（承页40）,煠,tsə¹³,tsə13,煮：～菜｜老菜叶～～再炒吃,0,0,0,0,,煠　tsə¹³　煮：～菜｜老菜叶～～再炒吃
41,aʔ 韵（承页40）,⿱⺮[师/帀]形字子,tsə¹³ tʂʅ,tsə13 tʂʅ,芦篾编成，围囤粮食用，约七寸宽、五六米长,0,0,0,0,〔双审12x：⺮头+师/帀形，箦（⺮+责）不合；tʂə¹③ 围囤器义用字待考照录〕,⿱⺮[师/帀]形字子〔双审12x：⺮头+师/帀形，箦（⺮+责）不合；tʂə¹③ 围囤器义用字待考照录〕　tsə¹³ tʂʅ　芦篾编成，围囤粮食用，约七寸宽、五六米长
41,aʔ 韵（承页40）,杂七八拉,tsə¹³ tɕʻiɪ¹³ pə¹³ lɑ³¹³,tsə13 tɕʻiɪ13 pə13 lɑ313,乱,0,0,0,0,,杂七八拉　tsə¹³ tɕʻiɪ¹³ pə¹³ lɑ³¹³　乱
41,aʔ 韵（承页40）,杂七五八,tsə¹³ tɕʻiɪ¹³ u⁴¹ pə¹³,tsə13 tɕʻiɪ13 u41 pə13,,0,0,0,0,,杂七五八　tsə¹³ tɕʻiɪ¹³ u⁴¹ pə¹³
41,aʔ 韵（承页40）,⿰口祭形字呱,tʂʻə¹³ kuɑ⁴¹,tʂʻə13 kuɑ41,闲谈、交谈,0,0,0,0,〔双审10x：首字=口+祭形，嘹（口+尞）排除；闲谈义用字待考照录；页21互证存注〕,⿰口祭形字呱〔双审10x：首字=口+祭形，嘹（口+尞）排除；闲谈义用字待考照录；页21互证存注〕　tʂʻə¹³ kuɑ⁴¹　闲谈、交谈
41,aʔ 韵（承页40）,插手子,tʂʻə¹³ ʂəu⁴¹ tʂʅ,tʂʻə13 ʂəu41 tʂʅ,衣服上的口袋,0,0,0,0,,插手子　tʂʻə¹³ ʂəu⁴¹ tʂʅ　衣服上的口袋
41,aʔ 韵（承页40）,刹,ʂə¹³,ʂə13,勒紧、捆牢：～车（把车上货物捆牢）｜麻袋～不死口,0,0,0,0,,刹　ʂə¹³　勒紧、捆牢：～车（把车上货物捆牢）｜麻袋～不死口
41,aʔ 韵（承页40）,刹价,ʂə¹³ tɕiɑ⁵⁵,ʂə13 tɕiɑ55,讨价还价后价格降下,0,0,0,0,,刹价　ʂə¹³ tɕiɑ⁵⁵　讨价还价后价格降下
41,aʔ 韵（承页40）,刹潮,ʂə¹³ tʂʻɔ³⁵,ʂə13 tʂʻɔ35,使潮气散发,0,0,0,0,,刹潮　ʂə¹³ tʂʻɔ³⁵　使潮气散发
41,aʔ 韵（承页40）,刹刮,ʂə¹³ kuə¹³,ʂə13 kuə13,批评、训斥,0,0,0,0,,刹刮　ʂə¹³ kuə¹³　批评、训斥
41,aʔ 韵（承页40）,⿰禾柔形字,ʂə¹³,ʂə13,缝合：～棉裤｜～裆,0,0,0,0,〔双审8x：左旁禾/糸难辨、右旁柔，縩（糸+蔡）不合；缝合义用字待考照录〕,⿰禾柔形字〔双审8x：左旁禾/糸难辨、右旁柔，縩（糸+蔡）不合；缝合义用字待考照录〕　ʂə¹³　缝合：～棉裤｜～裆
41,aʔ 韵（承页40）,轧乎,kə¹³,kə13,xu　易与人相处、善交际：～人,0,0,0,0,〔双审8x：车+乚 确认〕,轧乎〔双审8x：车+乚 确认〕　kə¹³ xu　易与人相处、善交际：～人
41,aʔ 韵（承页40）,轧帮,kə¹³ pɑŋ³¹³,kə13 pɑŋ313,,0,0,0,0,,轧帮　kə¹³ pɑŋ³¹³
41,aʔ 韵（承页40）,轧伙,kə¹³ xɔ⁴¹,kə13 xɔ41,合伙,0,0,0,0,,轧伙　kə¹³ xɔ⁴¹　合伙
41,aʔ 韵（承页40）,纥,kə¹³,kə13,把几股细绳拧成一根绳：～皮绳,0,0,0,0,〔双审8x：糸+乞 确认，𬘬排除〕,纥〔双审8x：糸+乞 确认，𬘬排除〕　kə¹³　把几股细绳拧成一根绳：～皮绳
41,aʔ 韵（承页40）,蛤蟟,kə liəu¹³,kə liəu13,蚌〔与页12 蛤蜊、页25 癞蛄系列互证〕,0,0,0,0,,蛤蟟　kə liəu¹³　蚌〔与页12 蛤蜊、页25 癞蛄系列互证〕
41,iəʔ 韵,夹锅头,tɕiə¹³ ko³¹³ tʻəu³⁵,tɕiə13 ko313 tʻəu35,贪吃不顾妻儿的男子,0,0,0,0,,夹锅头　tɕiə¹³ ko³¹³ tʻəu³⁵　贪吃不顾妻儿的男子
41,iəʔ 韵,夹子,tɕiə¹³ tʂʅ,tɕiə13 tʂʅ,贴在锅边烙熟的大饺子,0,0,0,0,,夹子　tɕiə¹³ tʂʅ　贴在锅边烙熟的大饺子
41,iəʔ 韵,夹搞,tɕiə¹³ kɔ⁴¹,tɕiə13 kɔ41,与人相处时又小气又别扭,0,0,0,0,,夹搞　tɕiə¹³ kɔ⁴¹　与人相处时又小气又别扭
41,iəʔ 韵,瞎巴,ɕiə¹³ pə,ɕiə13 pə,坏：学～了,0,0,0,0,,瞎巴　ɕiə¹³ pə　坏：学～了
41,iəʔ 韵,压,iə¹³,iə13,止：药太苦，喝口糖水～～,0,0,0,0,,压　iə¹³　止：药太苦，喝口糖水～～
41,iəʔ 韵,压秤,iə¹³ tʂʻəŋ⁵⁵,iə13 tʂʻəŋ55,体积小份量重：黄豆～,0,0,0,0,,压秤　iə¹³ tʂʻəŋ⁵⁵　体积小份量重：黄豆～
41,uəʔ 韵,刮秋风,kuə¹³ tɕʻiəu³¹³ fəŋ³¹³,kuə13 tɕʻiəu313 fəŋ313,公开索要钱物或高价派购廉价商品〔与页21 派秋风=卖东西的上门摊派互证〕,0,0,0,0,,刮秋风　kuə¹³ tɕʻiəu³¹³ fəŋ³¹³　公开索要钱物或高价派购廉价商品〔与页21 派秋风=卖东西的上门摊派互证〕
41,uəʔ 韵,刷锅把子,ʂuə¹³ ko³¹³ pɑ⁴¹ tʂʅ,ʂuə13 ko313 pɑ41 tʂʅ,炊帚,0,0,0,0,,刷锅把子　ʂuə¹³ ko³¹³ pɑ⁴¹ tʂʅ　炊帚
41,uəʔ 韵,滑皮滚子,xuə¹³ pʻi³⁵ koŋ⁴¹ tʂʅ,xuə13 pʻi35 koŋ41 tʂʅ,无沟齿的碌毒,0,0,0,0,,滑皮滚子　xuə¹³ pʻi³⁵ koŋ⁴¹ tʂʅ　无沟齿的碌毒
41,uəʔ 韵,滑光溜神,xuə¹³ kuɑŋ³¹³ liəu³⁵ ʂəŋ³⁵,xuə13 kuɑŋ313 liəu35 ʂəŋ35,裸体,0,0,0,0,,滑光溜神　xuə¹³ kuɑŋ³¹³ liəu³⁵ ʂəŋ³⁵　裸体
41,uəʔ 韵,袜桩子,uə¹³ tʂuɑŋ³¹³ tʂʅ,uə13 tʂuɑŋ313 tʂʅ,袜筒,0,0,0,0,,袜桩子　uə¹³ tʂuɑŋ³¹³ tʂʅ　袜筒
41,əʔ 韵,不好过,pə¹³ xɔ⁴¹ ko⁵⁵,pə13 xɔ41 ko55,生病了：我～,0,0,0,0,,不好过　pə¹³ xɔ⁴¹ ko⁵⁵　生病了：我～
41,əʔ 韵,不好受,pə¹³ xɔ⁴¹ ʂəu⁵⁵,pə13 xɔ41 ʂəu55,,0,0,0,0,,不好受　pə¹³ xɔ⁴¹ ʂəu⁵⁵
41,əʔ 韵,不犯于,pə¹³ fæ̃⁵⁵ y³⁵,pə13 fæ̃55 y35,不值得：～和〔与页27 何犯于=不必要何必互证〕,0,0,0,0,,不犯于　pə¹³ fæ̃⁵⁵ y³⁵　不值得：～和〔与页27 何犯于=不必要何必互证〕
42,əʔ 韵（续）,不断头,pə¹³ tõ⁵⁵ tʻəu³⁵,pə13 tõ55 tʻəu35,连续不断：夜里行人～,0,0,0,0,,不断头　pə¹³ tõ⁵⁵ tʻəu³⁵　连续不断：夜里行人～
42,əʔ 韵（续）,不管乎,pə¹³ kõ⁴¹ xu³¹³,pə13 kõ41 xu313,不管用：人老眼～,0,0,0,0,,不管乎　pə¹³ kõ⁴¹ xu³¹³　不管用：人老眼～
42,əʔ 韵（续）,不空房,pə¹³ kʻoŋ⁵⁵ fɑŋ³⁵,pə13 kʻoŋ55 fɑŋ35,蜜月中不分离,0,0,0,0,,不空房　pə¹³ kʻoŋ⁵⁵ fɑŋ³⁵　蜜月中不分离
42,əʔ 韵（续）,不得命,pə¹³ tə¹³ miŋ⁵⁵,pə13 tə13 miŋ55,拼命：～地喘,0,0,0,0,,不得命　pə¹³ tə¹³ miŋ⁵⁵　拼命：～地喘
42,əʔ 韵（续）,不出血,pə¹³ tʂʻuə¹³ ɕiə¹³,pə13 tʂʻuə13 ɕiə13,吝啬,0,0,0,0,,不出血　pə¹³ tʂʻuə¹³ ɕiə¹³　吝啬
42,əʔ 韵（续）,拨溜,pə¹³ liəu,pə13 liəu,①拨动：～算盘珠子②指派：～不动他，不听嚷嚷,0,0,0,0,,拨溜　pə¹³ liəu　①拨动：～算盘珠子②指派：～不动他，不听嚷嚷
42,əʔ 韵（续）,白鲴子,pə¹³ ku³¹³ tʂʅ,pə13 ku313 tʂʅ,海鱼的一种，形如小黄鱼，但体表白色,0,0,0,0,,白鲴子　pə¹³ ku³¹³ tʂʅ　海鱼的一种，形如小黄鱼，但体表白色
42,əʔ 韵（续）,白喳喳,pə¹³ tʂɑ³¹³ tʂɑ³¹³,pə13 tʂɑ313 tʂɑ313,病态的面容,0,0,0,0,,白喳喳　pə¹³ tʂɑ³¹³ tʂɑ³¹³　病态的面容
42,əʔ 韵（续）,脖项梗,pə¹³ ɕiɑŋ⁵⁵ kəŋ⁴¹,pə13 ɕiɑŋ55 kəŋ41,脖梗,0,0,0,0,,脖项梗　pə¹³ ɕiɑŋ⁵⁵ kəŋ⁴¹　脖梗
42,əʔ 韵（续）,麦口,mə¹³ kʻəu⁴¹,mə13 kʻəu41,收割小麦的时节,0,0,0,0,,麦口　mə¹³ kʻəu⁴¹　收割小麦的时节
42,əʔ 韵（续）,木怵,mə¹³ tʂʻuə¹³,mə13 tʂʻuə13,愣住了：给说～了,0,0,0,0,,木怵　mə¹³ tʂʻuə¹³　愣住了：给说～了
42,əʔ 韵（续）,木疙瘩,mə¹³ kə¹³ tə,mə13 kə13 tə,蚊虫叮咬而起的疙瘩,0,0,0,0,,木疙瘩　mə¹³ kə¹³ tə　蚊虫叮咬而起的疙瘩
42,əʔ 韵（续）,没魂,mə¹³ xoŋ³⁵,mə13 xoŋ35,精神恍惚的样儿,0,0,0,0,,没魂　mə¹³ xoŋ³⁵　精神恍惚的样儿
42,əʔ 韵（续）,没得,mə¹³ tə,mə13 tə,没有：～了｜～钱｜～数｜心里～底｜～影子的事,0,0,0,0,,没得　mə¹³ tə　没有：～了｜～钱｜～数｜心里～底｜～影子的事
42,əʔ 韵（续）,得,tə¹³,tə13,到：要～天黑才能到南京,0,0,0,0,,得　tə¹³　到：要～天黑才能到南京
42,əʔ 韵（续）,得得,tə¹³ tə¹³,tə13 tə13,紧紧的：车上挤～的,0,0,0,0,,得得　tə¹³ tə¹³　紧紧的：车上挤～的
42,əʔ 韵（续）,得了,tə¹³ lə,tə13 lə,用在动词之后，表示动作完成：海～｜吃～｜没～｜走,0,0,0,0,,得了　tə¹³ lə　用在动词之后，表示动作完成：海～｜吃～｜没～｜走
42,əʔ 韵（续）,特为,tʻə¹³ uei⁵⁵,tʻə13 uei55,有意的：谁～弄坏的,0,0,0,0,,特为　tʻə¹³ uei⁵⁵　有意的：谁～弄坏的
42,əʔ 韵（续）,勒,lə¹³,lə13,①握：手给他～痛了②捏、挤：～水,0,0,0,0,,勒　lə¹³　①握：手给他～痛了②捏、挤：～水
42,əʔ 韵（续）,勒勒掯掯,lə¹³ lə¹³ kʻəŋ⁵⁵ kʻəŋ⁵⁵,lə13 lə13 kʻəŋ55 kʻəŋ55,让别人做事又不大放心的样儿,0,0,0,0,,勒勒掯掯　lə¹³ lə¹³ kʻəŋ⁵⁵ kʻəŋ⁵⁵　让别人做事又不大放心的样儿
42,əʔ 韵（续）,肋巴,lə¹³ pɑ³¹³,lə13 pɑ313,肋骨,0,0,0,0,,肋巴　lə¹³ pɑ³¹³　肋骨
42,əʔ 韵（续）,窄扁,tʂə¹³ piɛ,tʂə13 piɛ,空间小：屋里～,0,0,0,0,,窄扁　tʂə¹³ piɛ　空间小：屋里～
42,əʔ 韵（续）,窄巴,tʂə¹³ pɑ,tʂə13 pɑ,,0,0,0,0,,窄巴　tʂə¹³ pɑ
42,əʔ 韵（续）,直轮,tʂə¹³ ləŋ³⁵,tʂə13 ləŋ35,笔直：小树长～的,0,0,0,0,,直轮　tʂə¹³ ləŋ³⁵　笔直：小树长～的
42,əʔ 韵（续）,值当,tʂə¹³ tɑŋ⁵⁵,tʂə13 tɑŋ55,值的：不～干的,0,0,0,0,,值当　tʂə¹³ tɑŋ⁵⁵　值的：不～干的
42,əʔ 韵（续）,值不当的,tʂə¹³ pə¹³ tɑŋ⁵⁵ tə,tʂə13 pə13 tɑŋ55 tə,不值,0,0,0,0,,值不当的　tʂə¹³ pə¹³ tɑŋ⁵⁵ tə　不值
42,əʔ 韵（续）,吃,tʂʻə¹³,tʂʻə13,①接受：我不～你这一套②承受：穿少了～不住冻｜一个月工资～不住花｜擦蜂～蛰③拿工资：一个月～二百块钱〔吃=承受/被——被动义扩展〕,0,0,0,0,,吃　tʂʻə¹³　①接受：我不～你这一套②承受：穿少了～不住冻｜一个月工资～不住花｜擦蜂～蛰③拿工资：一个月～二百块钱〔吃=承受/被——被动义扩展〕
42,əʔ 韵（续）,吃户,tʂʻə¹³ xu⁵⁵,tʂʻə13 xu55,舍得吃的人家,0,0,0,0,,吃户　tʂʻə¹³ xu⁵⁵　舍得吃的人家
42,əʔ 韵（续）,吃酒,tʂʻə¹³ tɕiəu⁴¹,tʂʻə13 tɕiəu41,喝酒、喝喜酒,0,0,0,0,,吃酒　tʂʻə¹³ tɕiəu⁴¹　喝酒、喝喜酒
42,əʔ 韵（续）,赤红□脸,tʂʻə¹³ xoŋ³⁵ kɑŋ⁵⁵ liɛ⁴¹,tʂʻə13 xoŋ35 kɑŋ55 liɛ41,高烧时脸通红的样子,0,0,0,1,〔双审16x：□系原书所印空框（框内空白确认），照录〕,赤红□脸〔双审16x：□系原书所印空框（框内空白确认），照录〕　tʂʻə¹³ xoŋ³⁵ kɑŋ⁵⁵ liɛ⁴¹　高烧时脸通红的样子
42,əʔ 韵（续）,赤脚□头,tʂʻə¹³ tɕyə¹³ lɔ³⁵ tʰəu³⁵,tʂʻə13 tɕyə13 lɔ35 tʰəu35,光着脚，光着头,0,0,0,1,〔双审16x：□系原书所印空框，照录〕,赤脚□头〔双审16x：□系原书所印空框，照录〕　tʂʻə¹³ tɕyə¹³ lɔ³⁵ tʰəu³⁵　光着脚，光着头
42,əʔ 韵（续）,拾,ʂə¹³,ʂə13,生育：～了个儿子,0,0,0,0,,拾　ʂə¹³　生育：～了个儿子
42,əʔ 韵（续）,拾当,ʂə¹³ tɑŋ,ʂə13 tɑŋ,①收拾：屋子里～一下②惩治：看我怎么～你,0,0,0,0,,拾当　ʂə¹³ tɑŋ　①收拾：屋子里～一下②惩治：看我怎么～你
42,əʔ 韵（续）,十月朝,ʂə¹³ yə¹³ tʂɔ³¹³,ʂə13 yə13 tʂɔ313,①十月初一②婴儿出生十个月：过～,0,0,0,0,,十月朝　ʂə¹³ yə¹³ tʂɔ³¹³　①十月初一②婴儿出生十个月：过～
42,əʔ 韵（续）,食刀,ʂə¹³ tɔ³¹³,ʂə13 tɔ313,切菜刀,0,0,0,0,,食刀　ʂə¹³ tɔ³¹³　切菜刀
42,əʔ 韵（续）,石砟子,ʂə¹³ tʂɑ⁴¹ tʂʅ,ʂə13 tʂɑ41 tʂʅ,小石子,0,0,0,0,,石砟子　ʂə¹³ tʂɑ⁴¹ tʂʅ　小石子
42,əʔ 韵（续）,石妮子,ʂə¹³ li³⁵ ʂɿ,ʂə13 li35 ʂɿ,石女,0,0,0,0,,石妮子　ʂə¹³ li³⁵ ʂɿ　石女
42,əʔ 韵（续）,石瘤子,ʂə¹³ liəu³⁵ tʂʅ,ʂə13 liəu35 tʂʅ,小石块,0,0,0,0,,石瘤子　ʂə¹³ liəu³⁵ tʂʅ　小石块
42,əʔ 韵（续）,涩啰啰,ʂə¹³ yə¹³ yə¹³,ʂə13 yə13 yə13,味很涩,0,0,0,0,,涩啰啰　ʂə¹³ yə¹³ yə¹³　味很涩
42,əʔ 韵（续）,实诚,ʂə¹³ tʂʻəŋ³⁵,ʂə13 tʂʻəŋ35,真诚实在,0,0,0,0,,实诚　ʂə¹³ tʂʻəŋ³⁵　真诚实在
42,əʔ 韵（续）,实落,ʂə¹³ luə¹³,ʂə13 luə13,,0,0,0,0,,实落　ʂə¹³ luə¹³
42,əʔ 韵（续）,实法,ʂə¹³ fə¹³,ʂə13 fə13,实在：～不愿意就算了,0,0,0,0,,实法　ʂə¹³ fə¹³　实在：～不愿意就算了
42,əʔ 韵（续）,色,ʂə¹³,ʂə13,样子：死～｜秽气～,0,0,0,0,,色　ʂə¹³　样子：死～｜秽气～
42,əʔ 韵（续）,色气,ʂə¹³ tɕi,ʂə13 tɕi,脸色：～不好,0,0,0,0,,色气　ʂə¹³ tɕi　脸色：～不好
42,əʔ 韵（续）,日头,z̩ə¹³ tʻə,z̩ə13 tʻə,太阳,0,0,0,0,,日头　z̩ə¹³ tʻə　太阳
42,əʔ 韵（续）,日弄人,z̩ə¹³ ləŋ⁵⁵ z̩əŋ⁵⁵,z̩ə13 ləŋ55 z̩əŋ55,捉弄人,0,0,0,0,,日弄人　z̩ə¹³ ləŋ⁵⁵ z̩əŋ⁵⁵　捉弄人
42,əʔ 韵（续）,□,kə¹³,kə13,硬的、尖锐的东西刺人：～脚,0,0,0,1,,□　kə¹³　硬的、尖锐的东西刺人：～脚
42,əʔ 韵（续）,虼子,kə¹³ tʂʅ¹³,kə13 tʂʅ13,虼蚤,0,0,0,0,〔双审10x：虼=虫+乞（虼蚤标准字）确认〕,虼子〔双审10x：虼=虫+乞（虼蚤标准字）确认〕　kə¹³ tʂʅ¹³　虼蚤
42,əʔ 韵（续）,隔古,kə¹³ ku⁴¹,kə13 ku41,过去、从前,0,0,0,0,,隔古　kə¹³ ku⁴¹　过去、从前
42,əʔ 韵（续）,隔占,kə¹³ tʂæ̃⁵⁵,kə13 tʂæ̃55,强占,0,0,0,0,,隔占　kə¹³ tʂæ̃⁵⁵　强占
42,əʔ 韵（续）,格噔,kə¹³ təŋ³¹³,kə13 təŋ313,吓得一愣：心里～一下,0,0,0,0,,格噔　kə¹³ təŋ³¹³　吓得一愣：心里～一下
42,əʔ 韵（续）,角按席,kə¹³ æ̃⁵⁵ ɕi³⁵,kə13 æ̃55 ɕi35,编织精细、有花边的芦席,0,0,0,0,,角按席　kə¹³ æ̃⁵⁵ ɕi³⁵　编织精细、有花边的芦席
42,əʔ 韵（续）,合帐,kə¹³ tʂɑŋ⁵⁵,kə13 tʂɑŋ55,合算,0,0,0,0,,合帐　kə¹³ tʂɑŋ⁵⁵　合算
42,əʔ 韵（续）,各样,kə¹³ iɑŋ⁵⁵,kə13 iɑŋ55,与众不同，贬义：这人～,0,0,0,0,,各样　kə¹³ iɑŋ⁵⁵　与众不同，贬义：这人～
43,əʔ 韵（收尾）,各种,kə¹³ tʂoŋ⁴¹,kə13 tʂoŋ41,,0,0,0,0,,各种　kə¹³ tʂoŋ⁴¹
43,əʔ 韵（收尾）,趷,kʻə¹³,kʻə13,一只脚跳动：右脚破了，只好～着走,0,0,0,0,,趷　kʻə¹³　一只脚跳动：右脚破了，只好～着走
43,əʔ 韵（收尾）,髁头子,kʻə¹³ tʻəu³⁵ tʂʅ,kʻə13 tʻəu35 tʂʅ,膝盖,0,0,0,0,,髁头子　kʻə¹³ tʻəu³⁵ tʂʅ　膝盖
43,əʔ 韵（收尾）,咳嗽痨,kʻə¹³ ʂə¹³ lɔ³⁵,kʻə13 ʂə13 lɔ35,长久咳嗽的人,0,0,0,0,,咳嗽痨　kʻə¹³ ʂə¹³ lɔ³⁵　长久咳嗽的人
43,əʔ 韵（收尾）,黑头呈子,xə¹³ tʻəu³⁵ tʂʻəŋ³⁵ tʂʅ,xə13 tʻəu35 tʂʻəŋ35 tʂʅ,匿名状子,0,0,0,0,,黑头呈子　xə¹³ tʻəu³⁵ tʂʻəŋ³⁵ tʂʅ　匿名状子
43,əʔ 韵（收尾）,黑窟,xə¹³ kʻuə¹³,xə13 kʻuə13,黑暗之处,0,0,0,0,,黑窟　xə¹³ kʻuə¹³　黑暗之处
43,əʔ 韵（收尾）,恶,ə¹³,ə13,①很：～俊｜～苦②全：头上，脸～是灰③拼：～吃｜～打人,0,0,0,0,,恶　ə¹³　①很：～俊｜～苦②全：头上，脸～是灰③拼：～吃｜～打人
43,əʔ 韵（收尾）,恶嘟嘟,ə¹³ tu³¹³ tu³¹³,ə13 tu313 tu313,特别：～来气｜～臭,0,0,0,0,,恶嘟嘟　ə¹³ tu³¹³ tu³¹³　特别：～来气｜～臭
43,əʔ 韵（收尾）,扼颈,ə¹³ tɕiŋ⁵⁵,ə13 tɕiŋ55,打脑后,0,0,0,0,,扼颈　ə¹³ tɕiŋ⁵⁵　打脑后
43,iə 韵,别,piə¹³,piə13,①转动：把头～过去②转变：他就这个脾气，～不过他③绊：把他～倒了｜～着腿了④抬杠：他给～住了，不啃声了,0,0,0,0,,别　piə¹³　①转动：把头～过去②转变：他就这个脾气，～不过他③绊：把他～倒了｜～着腿了④抬杠：他给～住了，不啃声了
43,iə 韵,别别,piə¹³ piə¹³,piə13 piə13,千万：这事～～莫忘了,0,0,0,0,,别别　piə¹³ piə¹³　千万：这事～～莫忘了
43,iə 韵,鐅,pʻiə¹³,pʻiə13,碗、盘等器皿口部不圆：～了碗,0,0,0,0,〔双审10x：原书印作左右结构 ⿰釒敝（金左敝右），系 鐅（⿱敝金）异体；音 pʻiə¹³ 滂母薛韵入声合〕,鐅〔双审10x：原书印作左右结构 ⿰釒敝（金左敝右），系 鐅（⿱敝金）异体；音 pʻiə¹³ 滂母薛韵入声合〕　pʻiə¹³　碗、盘等器皿口部不圆：～了碗
43,iə 韵,撇,pʻiə¹³,pʻiə13,舀取液体的上层：～水｜～汤｜～油,0,0,0,0,,撇　pʻiə¹³　舀取液体的上层：～水｜～汤｜～油
43,iə 韵,撇光光,pʻiə¹³ kuɑŋ³¹³ kuɑŋ,pʻiə13 kuɑŋ313 kuɑŋ,打水飘儿,0,0,0,0,,撇光光　pʻiə¹³ kuɑŋ³¹³ kuɑŋ　打水飘儿
43,iə 韵,撇清,pʻiə¹³ tɕʻiŋ³¹³,pʻiə13 tɕʻiŋ313,夸耀自己的清白，无过。养汉老婆好～,0,0,0,0,,撇清　pʻiə¹³ tɕʻiŋ³¹³　夸耀自己的清白，无过。养汉老婆好～
43,iə 韵,铁权,tʻiə¹³ tʂʻɑ³¹³,tʻiə13 tʂʻɑ313,挖土工具〔与页15 挑箩子用铁权互证〕,0,0,0,0,,铁权　tʻiə¹³ tʂʻɑ³¹³　挖土工具〔与页15 挑箩子用铁权互证〕
43,iə 韵,接嘴,tɕiə¹³ tʂʻei⁴¹,tɕiə13 tʂʻei41,乱插话,0,0,0,0,,接嘴　tɕiə¹³ tʂʻei⁴¹　乱插话
43,iə 韵,接骨草,tɕiə¹³ kuə¹³ tʂʻɔ⁴¹,tɕiə13 kuə13 tʂʻɔ41,,0,0,0,0,,接骨草　tɕiə¹³ kuə¹³ tʂʻɔ⁴¹
43,iə 韵,结壮,tɕiə¹³ tʂuɑŋ,tɕiə13 tʂuɑŋ,老人身体结实健壮〔与页40 行壮=老年人身体好互证〕,0,0,0,0,,结壮　tɕiə¹³ tʂuɑŋ　老人身体结实健壮〔与页40 行壮=老年人身体好互证〕
43,iə 韵,血,ɕiə¹³,ɕiə13,非常：～好｜～调皮,0,0,0,0,,血　ɕiə¹³　非常：～好｜～调皮
43,iə 韵,血对头,ɕiə¹³ tei⁵⁵ tʻəu,ɕiə13 tei55 tʻəu,死对头,0,0,0,0,,血对头　ɕiə¹³ tei⁵⁵ tʻəu　死对头
43,iə 韵,血鳝,ɕiə¹³ ʂæ̃⁵⁵,ɕiə13 ʂæ̃55,鳝鱼〔与页5词汇表长鱼|血鳝|黄鳝互证〕,0,0,0,0,,血鳝　ɕiə¹³ ʂæ̃⁵⁵　鳝鱼〔与页5词汇表长鱼|血鳝|黄鳝互证〕
43,iə 韵,蝎虎子,ɕiə¹³ xu⁴¹ tʂʅ,ɕiə13 xu41 tʂʅ,壁虎,0,0,0,0,,蝎虎子　ɕiə¹³ xu⁴¹ tʂʅ　壁虎
43,iə 韵,揳,ɕiə¹³,ɕiə13,①把楔子、钉子锤打到物体里边：～钉子②打：～你一顿,0,0,0,0,,揳　ɕiə¹³　①把楔子、钉子锤打到物体里边：～钉子②打：～你一顿
43,uə 韵,复三,fuə¹³ ʂæ̃³¹³,fuə13 ʂæ̃313,出殡三天之日给坟填土,0,0,0,0,,复三　fuə¹³ ʂæ̃³¹³　出殡三天之日给坟填土
43,uə 韵,覆棚,fuə¹³ pʻəŋ³⁵,fuə13 pʻəŋ35,室内顶棚子,0,0,0,0,,覆棚　fuə¹³ pʻəŋ³⁵　室内顶棚子
43,uə 韵,踱,tuə¹³,tuə13,坐在地上用手撑着挪动,0,0,0,0,"〔双审10x定案：原转录""躂""订正；字形=⿰足度（广+廿+又），与字汇页18 uə⑤t行""独读毒牍犊督笃掇铎踱夺""互证；音 tuə¹³ 定母铎韵入声合〕","踱〔双审10x定案：原转录""躂""订正；字形=⿰足度（广+廿+又），与字汇页18 uə⑤t行""独读毒牍犊督笃掇铎踱夺""互证；音 tuə¹³ 定母铎韵入声合〕　tuə¹³　坐在地上用手撑着挪动"
43,uə 韵,掇,tuə¹³,tuə13,投、摔：～泥块,0,0,0,0,,掇　tuə¹³　投、摔：～泥块
43,uə 韵,掇垫,tuə¹³ tiɛ⁵⁵,tuə13 tiɛ55,收拾、整理,0,0,0,0,,掇垫　tuə¹³ tiɛ⁵⁵　收拾、整理
43,uə 韵,沰,tuə¹³,tuə13,淋雨：衣服～湿了,0,0,0,0,"〔双审16x/22x定案：原转录""汏""订正；字形=氵+石（一+丿+口，非""大""）；音 tuə¹³ 透母铎韵入声合〕","沰〔双审16x/22x定案：原转录""汏""订正；字形=氵+石（一+丿+口，非""大""）；音 tuə¹³ 透母铎韵入声合〕　tuə¹³　淋雨：衣服～湿了"
43,uə 韵,笃定,tuə¹³ tiŋ⁵⁵,tuə13 tiŋ55,一定：～去｜这事～是他干的,0,0,0,0,,笃定　tuə¹³ tiŋ⁵⁵　一定：～去｜这事～是他干的
43,uə 韵,□,tʻuə¹³,tʻuə13,烫：水～手｜～鸡,0,0,0,1,,□　tʻuə¹³　烫：水～手｜～鸡
43,uə 韵,秃膀子,tʻuə¹³ pɑŋ⁴¹ tʂʅ,tʻuə13 pɑŋ41 tʂʅ,短袖褂子,0,0,0,0,,秃膀子　tʻuə¹³ pɑŋ⁴¹ tʂʅ　短袖褂子
43,uə 韵,托送,tʻuə¹³ ʂoŋ⁵⁵,tʻuə13 ʂoŋ55,投胎转世,0,0,0,0,,托送　tʻuə¹³ ʂoŋ⁵⁵　投胎转世
43,uə 韵,络子,luə¹³ tʂʅ,luə13 tʂʅ,用柳条、竹篾编的盛食物的筛子,0,0,0,0,,络子　luə¹³ tʂʅ　用柳条、竹篾编的盛食物的筛子
43,uə 韵,落,luə¹³,luə13,处所、位置：各～看看,0,0,0,0,,落　luə¹³　处所、位置：各～看看
43,uə 韵,落头,luə¹³,luə13,在哪～｜车上没～站,0,0,0,0,,落头　luə¹³　在哪～｜车上没～站
43,uə 韵,落厅,luə¹³ tiŋ,luə13 tiŋ,,0,0,0,0,,落厅　luə¹³ tiŋ
43,uə 韵,落敤,luə¹³ tuə,luə13 tuə,老实，无能：这人真～,0,0,0,0,〔双审10x：敤=⿰果攴（果+攴清晰）确认〕,落敤〔双审10x：敤=⿰果攴（果+攴清晰）确认〕　luə¹³ tuə　老实，无能：这人真～
43,uə 韵,作,tʂuə¹³,tʂuə13,吵闹：一天～到晚｜孩子～人,0,0,0,0,,作　tʂuə¹³　吵闹：一天～到晚｜孩子～人
43,uə 韵,作死,tʂuə¹³ ʂɿ⁴¹,tʂuə13 ʂɿ41,找死：你～啊，乱跑,0,0,0,0,,作死　tʂuə¹³ ʂɿ⁴¹　找死：你～啊，乱跑
43,uə 韵,作古正经,tʂuə¹³ ku⁴¹ tʂəŋ⁵⁵ tɕiŋ³¹³,tʂuə13 ku41 tʂəŋ55 tɕiŋ313,一本正经的样儿,0,0,0,0,,作古正经　tʂuə¹³ ku⁴¹ tʂəŋ⁵⁵ tɕiŋ³¹³　一本正经的样儿
43,uə 韵,作害,tʂuə¹³ xɛ⁵⁵,tʂuə13 xɛ55,为害,0,0,0,0,,作害　tʂuə¹³ xɛ⁵⁵　为害
43,uə 韵,作腾,tʂuə¹³ tʻəŋ,tʂuə13 tʻəŋ,有意吵闹,0,0,0,0,,作腾　tʂuə¹³ tʻəŋ　有意吵闹
43,uə 韵,作兴,tʂuə¹³ ɕiŋ³¹³,tʂuə13 ɕiŋ313,①可能：～不来了②应该：不～这样｜这事～你不～,0,0,0,0,,作兴　tʂuə¹³ ɕiŋ³¹³　①可能：～不来了②应该：不～这样｜这事～你不～
43,uə 韵,□,tʂuə¹³,tʂuə13,用簸箕平筛着簸：把秕子～出来,0,0,0,1,,□　tʂuə¹³　用簸箕平筛着簸：把秕子～出来
43,uə 韵,着,tʂuə¹³,tʂuə13,①派：～人去请②受：先前不知～了谁的气,0,0,0,0,,着　tʂuə¹³　①派：～人去请②受：先前不知～了谁的气
43,uə 韵,出花,tʂʻuə¹³ xuɑ³¹³,tʂʻuə13 xuɑ313,出水痘,0,0,0,0,,出花　tʂʻuə¹³ xuɑ³¹³　出水痘
43,uə 韵,出兽,tʂʻuə¹³ ʂəu⁵⁵,tʂʻuə13 ʂəu55,偶然出错：～了，车子坏了,0,0,0,0,,出兽　tʂʻuə¹³ ʂəu⁵⁵　偶然出错：～了，车子坏了
43,uə 韵,出饭,tʂʻuə¹³ fæ̃⁵⁵,tʂʻuə13 fæ̃55,做出来的饭显得多：籼米～，糯米不～,0,0,0,0,,出饭　tʂʻuə¹³ fæ̃⁵⁵　做出来的饭显得多：籼米～，糯米不～
43,uə 韵,出门子,tʂʻuə¹³ məŋ³⁵ tʂʅ,tʂʻuə13 məŋ35 tʂʅ,出嫁,0,0,0,0,,出门子　tʂʻuə¹³ məŋ³⁵ tʂʅ　出嫁
44,uə 韵（收尾）,出室,tʂʻuə¹³ ʂə¹³,tʂʻuə13 ʂə13,,0,0,0,0,,出室　tʂʻuə¹³ ʂə¹³
44,uə 韵（收尾）,出客,tʂʻuə¹³ kʻə¹³,tʂʻuə13 kʻə13,外出做客,0,0,0,0,,出客　tʂʻuə¹³ kʻə¹³　外出做客
44,uə 韵（收尾）,促寿痨,tʂʻuə¹³ ʂəu⁵⁵ lɔ³⁵,tʂʻuə13 ʂəu55 lɔ35,爱说下流话的人,0,0,0,0,,促寿痨　tʂʻuə¹³ ʂəu⁵⁵ lɔ³⁵　爱说下流话的人
44,uə 韵（收尾）,促刮,tʂʻuə¹³ kuə¹³,tʂʻuə13 kuə13,①捉弄人②奇怪,0,0,0,0,,促刮　tʂʻuə¹³ kuə¹³　①捉弄人②奇怪
44,uə 韵（收尾）,促怪,tʂʻuə¹³ kuɛ⁵⁵,tʂʻuə13 kuɛ55,,0,0,0,0,,促怪　tʂʻuə¹³ kuɛ⁵⁵
44,uə 韵（收尾）,促狭,tʂʻuə¹³ ɕiə¹³,tʂʻuə13 ɕiə13,,0,0,0,0,,促狭　tʂʻuə¹³ ɕiə¹³
44,uə 韵（收尾）,撮,tʂʻuə¹³,tʂʻuə13,扶住往上推：～我上树｜～上墙,0,0,0,0,,撮　tʂʻuə¹³　扶住往上推：～我上树｜～上墙
44,uə 韵（收尾）,错开,tʂʻuə¹³ kʻɛ³¹³,tʂʻuə13 kʻɛ313,挪开一点，使两者不接触：用电紧张，各厂上班时间都～了,0,0,0,0,,错开　tʂʻuə¹³ kʻɛ³¹³　挪开一点，使两者不接触：用电紧张，各厂上班时间都～了
44,uə 韵（收尾）,焌,tʂʻuə¹³,tʂʻuə13,烧：火～手了〔与页19 əʔ tɕʻ⑤焌火～手了互证〕,0,0,0,0,,焌　tʂʻuə¹³　烧：火～手了〔与页19 əʔ tɕʻ⑤焌火～手了互证〕
44,uə 韵（收尾）,焯,tʂʻuə¹³,tʂʻuə13,略煮一下：～菜,0,0,0,0,,焯　tʂʻuə¹³　略煮一下：～菜
44,uə 韵（收尾）,剚,tʂʻuə¹³,tʂʻuə13,细细地切割：～肉｜～菜,0,0,0,0,"〔双审16x：右部确为刂；左部呈""一/十+框+竖钩""（近 事/車/專 印刷形）；义与字汇页18 uə⑤tʂʻ行""齣 细切:～菜""互证；音 tʂʻuə¹³ 与 剚（庄母之韵）不合——存疑照录〕","剚〔双审16x：右部确为刂；左部呈""一/十+框+竖钩""（近 事/車/專 印刷形）；义与字汇页18 uə⑤tʂʻ行""齣 细切:～菜""互证；音 tʂʻuə¹³ 与 剚（庄母之韵）不合——存疑照录〕　tʂʻuə¹³　细细地切割：～肉｜～菜"
44,uə 韵（收尾）,诐,tʂʻuə¹³,tʂʻuə13,诡诈：这人很～,0,0,0,0,"〔双审11x：右部呈""十/廿+框+八足""（近 真/甚/具 旁），非 皮（又无八足）；原转录""诐""存疑；音 tʂʻuə¹³ 与 诐（帮/并母）不合——照录待考〕","诐〔双审11x：右部呈""十/廿+框+八足""（近 真/甚/具 旁），非 皮（又无八足）；原转录""诐""存疑；音 tʂʻuə¹³ 与 诐（帮/并母）不合——照录待考〕　tʂʻuə¹³　诡诈：这人很～"
44,uə 韵（收尾）,勺星,ʂuə¹³ ɕiŋ³¹³,ʂuə13 ɕiŋ313,北斗星,0,0,0,0,,勺星　ʂuə¹³ ɕiŋ³¹³　北斗星
44,uə 韵（收尾）,熟卤,ʂuə¹³ lu⁴¹,ʂuə13 lu41,熬化的卤水，点豆腐用,0,0,0,0,,熟卤　ʂuə¹³ lu⁴¹　熬化的卤水，点豆腐用
44,uə 韵（收尾）,说事,ʂuə¹³ ʂɿ,ʂuə13 ʂɿ,说合、劝架,0,0,0,0,,说事　ʂuə¹³ ʂɿ　说合、劝架
44,uə 韵（收尾）,入□,z̩uə¹³ tʂəu⁵⁵,z̩uə13 tʂəu55,执拗：这人真～,0,0,0,1,,入□　z̩uə¹³ tʂəu⁵⁵　执拗：这人真～
44,uə 韵（收尾）,入真,z̩uə¹³ tʂəŋ³¹³,z̩uə13 tʂəŋ313,认真,0,0,0,0,,入真　z̩uə¹³ tʂəŋ³¹³　认真
44,uə 韵（收尾）,入心,z̩uə¹³ ɕiŋ³¹³,z̩uə13 ɕiŋ313,专注、认真,0,0,0,0,,入心　z̩uə¹³ ɕiŋ³¹³　专注、认真
44,uə 韵（收尾）,谷莠子,kuə¹³ iəu⁴¹ tʂʅ,kuə13 iəu41 tʂʅ,狗尾草,0,0,0,0,,谷莠子　kuə¹³ iəu⁴¹ tʂʅ　狗尾草
44,uə 韵（收尾）,骨子,kuə¹³ tʂʅ,kuə13 tʂʅ,裕梢〔已核:衤+谷、木+肖;词义待考照录〕,0,0,0,0,,骨子　kuə¹³ tʂʅ　裕梢〔已核:衤+谷、木+肖;词义待考照录〕
44,uə 韵（收尾）,骨骨丁,kuə¹³ kuə¹³ tiŋ³¹³,kuə13 kuə13 tiŋ313,薄公英〔蒲公英〕,0,0,0,0,,骨骨丁　kuə¹³ kuə¹³ tiŋ³¹³　薄公英〔蒲公英〕
44,uə 韵（收尾）,枯月,kuə¹³ yə¹³,kuə13 yə13,不吉利的月份,0,0,0,0,,枯月　kuə¹³ yə¹³　不吉利的月份
44,uə 韵（收尾）,□拥,kuə¹³ ioŋ,kuə13 ioŋ,动弹，打针了，莫～,0,0,0,1,,□拥　kuə¹³ ioŋ　动弹，打针了，莫～
44,uə 韵（收尾）,□敛,kuə¹³ liɛ,kuə13 liɛ,猛然受惊，身体一抖：钉子攮脚，～一下子,0,0,0,1,,□敛　kuə¹³ liɛ　猛然受惊，身体一抖：钉子攮脚，～一下子
44,uə 韵（收尾）,活套,xuə¹³ tʻɔ⁵⁵,xuə13 tʻɔ55,灵活：为人～,0,0,0,0,,活套　xuə¹³ tʻɔ⁵⁵　灵活：为人～
44,uə 韵（收尾）,活渗人,xuə¹³ ʂəŋ⁵⁵ z̩əŋ,xuə13 ʂəŋ55 z̩əŋ,使人讨厌、害怕：癞蛄子爬脚面了，不咬人～,0,0,0,0,,活渗人　xuə¹³ ʂəŋ⁵⁵ z̩əŋ　使人讨厌、害怕：癞蛄子爬脚面了，不咬人～
44,uə 韵（收尾）,活泛,xuə¹³ fæ̃,xuə13 fæ̃,随机应变：办事～,0,0,0,0,,活泛　xuə¹³ fæ̃　随机应变：办事～
44,uə 韵（收尾）,镬板,xuə¹³ pæ̃³¹³,xuə13 pæ̃313,木锅盖,0,0,0,0,,镬板　xuə¹³ pæ̃³¹³　木锅盖
44,uə 韵（收尾）,豁唇子,xuə¹³ tʂʻoŋ³⁵ tʂʅ,xuə13 tʂʻoŋ35 tʂʅ,豁嘴,0,0,0,0,,豁唇子　xuə¹³ tʂʻoŋ³⁵ tʂʅ　豁嘴
44,uə 韵（收尾）,搲,xuə¹³,xuə13,掴：～你个嘴头子｜～脸,0,0,0,0,"〔双审8x定案：扌+窊（穴+瓜）清晰，非 掴；释义""掴""系普通话对应词〕","搲〔双审8x定案：扌+窊（穴+瓜）清晰，非 掴；释义""掴""系普通话对应词〕　xuə¹³　掴：～你个嘴头子｜～脸"
44,uə 韵（收尾）,攉溜,xuə¹³ liəu,xuə13 liəu,①搅动②挑拨,0,0,0,0,,攉溜　xuə¹³ liəu　①搅动②挑拨
44,yə 韵,嚼蛆,tɕyə¹³ tɕʻy³¹³,tɕyə13 tɕʻy313,毫无根据地乱说,0,0,0,0,,嚼蛆　tɕyə¹³ tɕʻy³¹³　毫无根据地乱说
44,yə 韵,脚趾盖子,tɕyə¹³ tʂʅ kɛ⁵⁵ tʂʅ,tɕyə13 tʂʅ kɛ55 tʂʅ,脚趾甲,0,0,0,0,,脚趾盖子　tɕyə¹³ tʂʅ kɛ⁵⁵ tʂʅ　脚趾甲
44,yə 韵,脚孤拐,tɕyə¹³ kuə¹³ kuɛ⁴¹,tɕyə13 kuə13 kuɛ41,脚踝骨,0,0,0,0,,脚孤拐　tɕyə¹³ kuə¹³ kuɛ⁴¹　脚踝骨
44,yə 韵,脚头,tɕyə¹³ tʻəu³⁵,tɕyə13 tʻəu35,平躺后脚伸向的地方,0,0,0,0,,脚头　tɕyə¹³ tʻəu³⁵　平躺后脚伸向的地方
44,yə 韵,脚赶脚,tɕyə¹³ kæ̃⁴¹ tɕyə¹³,tɕyə13 kæ̃41 tɕyə13,一会儿：～到了,0,0,0,0,,脚赶脚　tɕyə¹³ kæ̃⁴¹ tɕyə¹³　一会儿：～到了
44,yə 韵,脚面子,tɕyə¹³ miɛ̃⁵⁵ tʂʅ,tɕyə13 miɛ̃55 tʂʅ,脚背,0,0,0,0,,脚面子　tɕyə¹³ miɛ̃⁵⁵ tʂʅ　脚背
44,yə 韵,脚脖子,tɕyə¹³ pə¹³ tʂʅ,tɕyə13 pə13 tʂʅ,脚腕儿,0,0,0,0,,脚脖子　tɕyə¹³ pə¹³ tʂʅ　脚腕儿
44,yə 韵,劀,tɕʻyə¹³,tɕʻyə13,折：～断了｜～树枝,0,0,0,0,〔双审8x：⿰咢刂（吅+亏+刂）确认〕,劀〔双审8x：⿰咢刂（吅+亏+刂）确认〕　tɕʻyə¹³　折：～断了｜～树枝
44,yə 韵,雀目眼,tɕʻyə¹³ mə¹³ iæ̃⁴¹,tɕʻyə13 mə13 iæ̃41,夜盲症,0,0,0,0,,雀目眼　tɕʻyə¹³ mə¹³ iæ̃⁴¹　夜盲症
44,yə 韵,黢黑,tɕʻyə¹³ xə¹³,tɕʻyə13 xə13,①漆黑：晚上～②形容人生地不熟的境况：刚到那块两眼～,0,0,0,0,,黢黑　tɕʻyə¹³ xə¹³　①漆黑：晚上～②形容人生地不熟的境况：刚到那块两眼～
44,yə 韵,雪,ɕyə¹³,ɕyə13,气味刺激人：这漆～眼,0,0,0,0,,雪　ɕyə¹³　气味刺激人：这漆～眼
44,yə 韵,雪碴子,ɕyə¹³ tʂʻɛ⁴¹ tʂʅ,ɕyə13 tʂʻɛ41 tʂʅ,霰,0,0,0,0,,雪碴子　ɕyə¹³ tʂʻɛ⁴¹ tʂʅ　霰
44,yə 韵,宿,ɕyə¹³,ɕyə13,很：～绿｜～蓝｜～亮｜～黑｜～紫｜～圆｜～平｜～甜〔与页19 ɕ⑤□很:～绿互证〕,0,0,0,0,,宿　ɕyə¹³　很：～绿｜～蓝｜～亮｜～黑｜～紫｜～圆｜～平｜～甜〔与页19 ɕ⑤□很:～绿互证〕
44,yə 韵,噱,ɕyə¹³,ɕyə13,调唆：～人两口子吵仗,0,0,0,0,,噱　ɕyə¹³　调唆：～人两口子吵仗
44,yə 韵,挜,yə¹³,yə13,折：～树枝,0,0,0,0,〔双审8x：⿰扌亚确认〕,挜〔双审8x：⿰扌亚确认〕　yə¹³　折：～树枝
44,yə 韵,约,yə¹³,yə13,大体量一下、估量轻重：～～看有多长｜～～看有多重,0,0,0,0,,约　yə¹³　大体量一下、估量轻重：～～看有多长｜～～看有多重
44,iɪ 韵,滴溜打挂,tiɪ¹³ liəu³¹³ tɑ⁴¹ kuɑ⁵⁵,tiɪ13 liəu313 tɑ41 kuɑ55,①挂满：～一树梨②褴褛：破衣烂衫～的,0,0,0,0,,滴溜打挂　tiɪ¹³ liəu³¹³ tɑ⁴¹ kuɑ⁵⁵　①挂满：～一树梨②褴褛：破衣烂衫～的
44,iɪ 韵,剔陡溜崖,tiɪ¹³ təu⁴¹ liəu³¹³ iɛ³⁵,tiɪ13 təu41 liəu313 iɛ35,陡峭：山坡～,0,0,0,0,,剔陡溜崖　tiɪ¹³ təu⁴¹ liəu³¹³ iɛ³⁵　陡峭：山坡～
44,iɪ 韵,踢腾,tiɪ¹³ tʻəŋ,tiɪ13 tʻəŋ,浪费：胡～，败家子,0,0,0,0,,踢腾　tiɪ¹³ tʻəŋ　浪费：胡～，败家子
44,iɪ 韵,脊梁盖子,tiɪ¹³ liɑŋ³⁵ kɛ⁵⁵ tʂʅ,tiɪ13 liɑŋ35 kɛ55 tʂʅ,脊梁,0,0,0,0,,脊梁盖子　tiɪ¹³ liɑŋ³⁵ kɛ⁵⁵ tʂʅ　脊梁
44,iɪ 韵,寂寂,tɕiɪ¹³ tɕiɪ¹³,tɕiɪ13 tɕiɪ13,悄悄地,0,0,0,0,,寂寂　tɕiɪ¹³ tɕiɪ¹³　悄悄地
44,iɪ 韵,急逗,tɕiɪ¹³ təu⁵⁵,tɕiɪ13 təu55,十分着急,0,0,0,0,,急逗　tɕiɪ¹³ təu⁵⁵　十分着急
44,iɪ 韵,急齁,tɕiɪ¹³ xəu³¹³,tɕiɪ13 xəu313,发急的样儿,0,0,0,0,,急齁　tɕiɪ¹³ xəu³¹³　发急的样儿
44,iɪ 韵,急眼,tɕiɪ¹³ iæ̃⁴¹,tɕiɪ13 iæ̃41,,0,0,0,0,,急眼　tɕiɪ¹³ iæ̃⁴¹
44,iɪ 韵,缉慨,tɕʻiɪ¹³ kʻɛ⁵⁵,tɕʻiɪ13 kʻɛ55,故意捉弄人、不肯帮忙,0,0,0,0,"〔双审8x定案：原转录""概""订正为""慨""（忄+既）；音 kʻɛ⁵⁵ 溪母代韵合〕","缉慨〔双审8x定案：原转录""概""订正为""慨""（忄+既）；音 kʻɛ⁵⁵ 溪母代韵合〕　tɕʻiɪ¹³ kʻɛ⁵⁵　故意捉弄人、不肯帮忙"
44,iɪ 韵,泣仗,tɕʻiɪ¹³ tʂɑŋ⁵⁵,tɕʻiɪ13 tʂɑŋ55,哭丧棒,0,0,0,0,〔双审8x：泣=氵+立、仗=亻+丈 确认〕,泣仗〔双审8x：泣=氵+立、仗=亻+丈 确认〕　tɕʻiɪ¹³ tʂɑŋ⁵⁵　哭丧棒
45,iɪ 韵（第四章末韵）,泣庆子,tɕiɪ¹³ tɕʻiŋ⁵⁵ tʂʅ,tɕiɪ13 tɕʻiŋ55 tʂʅ,蟋蟀,0,0,0,0,,泣庆子　tɕiɪ¹³ tɕʻiŋ⁵⁵ tʂʅ　蟋蟀
45,iɪ 韵（第四章末韵）,一时工,iɪ¹³ ʂɿ³⁵ koŋ³¹³,iɪ13 ʂɿ35 koŋ313,一会儿,0,0,0,0,,一时工　iɪ¹³ ʂɿ³⁵ koŋ³¹³　一会儿
45,iɪ 韵（第四章末韵）,一麻黑,iɪ¹³ mɑ³⁵ xə¹³,iɪ13 mɑ35 xə13,一律黑色：小猪～,0,0,0,0,,一麻黑　iɪ¹³ mɑ³⁵ xə¹³　一律黑色：小猪～
45,iɪ 韵（第四章末韵）,一块堆,iɪ¹³ kʻuɛ⁵⁵ tei³¹³,iɪ13 kʻuɛ55 tei313,一块儿：～去｜放～,0,0,0,0,,一块堆　iɪ¹³ kʻuɛ⁵⁵ tei³¹³　一块儿：～去｜放～
45,iɪ 韵（第四章末韵）,一展眼,iɪ¹³ tʂæ̃⁴¹ iæ̃⁴¹,iɪ13 tʂæ̃41 iæ̃41,瞬间,0,0,0,0,,一展眼　iɪ¹³ tʂæ̃⁴¹ iæ̃⁴¹　瞬间
45,iɪ 韵（第四章末韵）,一转脸,iɪ¹³ tʂõ⁴¹ liɛ⁴¹,iɪ13 tʂõ41 liɛ41,,0,0,0,0,,一转脸　iɪ¹³ tʂõ⁴¹ liɛ⁴¹
45,iɪ 韵（第四章末韵）,一捞□,iɪ¹³ lɔ⁵⁵ tʂʻu⁴¹,iɪ13 lɔ55 tʂʻu41,卖东西时不许挑拣，用秤盘从边上挨着铲起来称,0,0,0,1,〔双审3x：□系原书所印空框（框内空白确认），照录〕,一捞□〔双审3x：□系原书所印空框（框内空白确认），照录〕　iɪ¹³ lɔ⁵⁵ tʂʻu⁴¹　卖东西时不许挑拣，用秤盘从边上挨着铲起来称
45,iɪ 韵（第四章末韵）,一条腿,iɪ¹³ tʻiɔ³⁵ tʻei,iɪ13 tʻiɔ35 tʻei,一派，贬义：两人～,0,0,0,0,,一条腿　iɪ¹³ tʻiɔ³⁵ tʻei　一派，贬义：两人～
45,iɪ 韵（第四章末韵）,一溜,iɪ¹³ liəu⁵⁵,iɪ13 liəu55,,0,0,0,0,,一溜　iɪ¹³ liəu⁵⁵
45,iɪ 韵（第四章末韵）,一漫高,iɪ¹³ mə⁵⁵ kɔ³¹³,iɪ13 mə55 kɔ313,渐渐增高：山坡～,0,0,0,0,,一漫高　iɪ¹³ mə⁵⁵ kɔ³¹³　渐渐增高：山坡～
45,iɪ 韵（第四章末韵）,一当,iɪ¹³ tɑŋ,iɪ13 tɑŋ,稳当：你去办～,0,0,0,0,,一当　iɪ¹³ tɑŋ　稳当：你去办～
45,iɪ 韵（第四章末韵）,一上来,iɪ¹³ ʂɑŋ⁵⁵ lɛ³⁵,iɪ13 ʂɑŋ55 lɛ35,一开头：～就发脾气,0,0,0,0,,一上来　iɪ¹³ ʂɑŋ⁵⁵ lɛ³⁵　一开头：～就发脾气
45,iɪ 韵（第四章末韵）,一成,iɪ¹³ tʂʻəŋ,iɪ13 tʂʻəŋ,一定成功：这事他办～,0,0,0,0,,一成　iɪ¹³ tʂʻəŋ　一定成功：这事他办～
45,iɪ 韵（第四章末韵）,一平,iɪ¹³ pʻiŋ³⁵,iɪ13 pʻiŋ35,平整,0,0,0,0,,一平　iɪ¹³ pʻiŋ³⁵　平整
45,iɪ 韵（第四章末韵）,一发手,iɪ¹³ fə¹³ ʂəu⁴¹,iɪ13 fə13 ʂəu41,一次：～全给他了,0,0,0,0,,一发手　iɪ¹³ fə¹³ ʂəu⁴¹　一次：～全给他了
45,iɪ 韵（第四章末韵）,一次头,iɪ¹³ tʂʻɿ⁵⁵ tʻəu³⁵,iɪ13 tʂʻɿ55 tʻəu35,～就用坏了,0,0,0,0,,一次头　iɪ¹³ tʂʻɿ⁵⁵ tʻəu³⁵　～就用坏了
45,iɪ 韵（第四章末韵）,一伏时,iɪ¹³ fuə¹³ ʂɿ³⁵,iɪ13 fuə13 ʂɿ35,一天一夜,0,0,0,0,,一伏时　iɪ¹³ fuə¹³ ʂɿ³⁵　一天一夜
45,iɪ 韵（第四章末韵）,一憋气,iɪ¹³ piə¹³ tɕʻi⁵⁵,iɪ13 piə13 tɕʻi55,一口气：～跑了三里,0,0,0,0,,一憋气　iɪ¹³ piə¹³ tɕʻi⁵⁵　一口气：～跑了三里
45,iɪ 韵（第四章末韵）,胰子,iɪ¹³ tʂʅ,iɪ13 tʂʅ,肥皂,0,0,0,0,,胰子　iɪ¹³ tʂʅ　肥皂
